"RANK","NAME","TEAM","POS","AGE","GP","MPG","USG%","TO%","FTA","FT%","2PA","2P%","3PA","3P%","eFG%","TS%","PPG","RPG","APG","SPG","BPG","TPG","P+R","P+A","P+R+A","VI","ORtg","DRtg"
"","Joel Embiid","Phi","C","29.7","19","34.5","36.7","15.5","220","0.877","340","0.556","64","0.328","0.546","0.633","33.4","11.5","6.4","1.1","1.9","3.9","44.8","39.8","51.3","15.6","126.4","105.2"
"","Luka Doncic","Dal","G","24.8","21","36.3","34.8","14.7","171","0.778","256","0.566","214","0.388","0.573","0.616","32","8.3","8.5","1.3","0.6","3.9","40.3","40.5","48.9","14.5","121.2","110.8"
"","Kevin Durant","Pho","F","35.2","19","36.7","32.8","15.1","158","0.892","300","0.527","88","0.5","0.577","0.644","31","6.5","5.7","0.7","1.2","3.6","37.5","36.7","43.2","11.4","122","111.9"
"","Giannis Antetokounmpo","Mil","F","29","22","34.9","33.4","17.1","228","0.667","379","0.652","37","0.243","0.626","0.652","30.6","10.7","5.1","1.4","1.3","3.9","41.3","35.7","46.4","13.6","122.5","107.4"
"","De'Aaron Fox","Sac","G","26","16","36.2","33.1","9.3","130","0.731","227","0.533","132","0.379","0.546","0.585","30.4","4.6","6.6","1.4","0.3","2.3","35","37","41.6","10.8","120.1","111.2"
"","Shai Gilgeous-Alexander","Okc","G","25.4","21","34.7","32","8.9","157","0.917","362","0.588","67","0.343","0.577","0.641","30.4","5.5","6.3","2.8","0.9","2","35.9","36.7","42.2","11.7","130.4","106.6"
"","Stephen Curry","Gol","G","35.7","20","33.8","31.2","15.9","137","0.934","140","0.55","236","0.432","0.612","0.674","29.4","5.1","4.4","0.7","0.2","3.6","34.5","33.8","38.9","10.3","123.7","113.3"
"","Anfernee Simons","Por","G","24.5","4","34.6","32.5","10.5","25","1","45","0.422","40","0.425","0.524","0.594","28.5","2.3","5","0.8","0.3","2.5","30.8","33.5","35.8","8","120.9","114.7"
"","Nikola Jokic","Den","C","28.8","23","34.3","32.7","12.3","144","0.778","378","0.595","93","0.312","0.57","0.607","28.2","12.8","9.6","1.2","0.9","2.9","41","37.8","50.6","17.6","127.3","105.3"
"","Jayson Tatum","Bos","F","25.8","21","36.7","30","14.1","138","0.79","227","0.608","180","0.356","0.575","0.617","27.5","8.7","4.2","1.1","0.3","3.2","36.2","31.7","40.4","10.9","117.1","104.7"
"","Devin Booker","Pho","G","27.1","13","34.6","31.9","14.8","107","0.916","181","0.497","61","0.426","0.533","0.616","27.4","6.3","8.1","0.8","0.5","3.2","33.7","35.5","41.8","12.9","124.9","108.3"
"","Donovan Mitchell","Cle","G","27.3","18","35.7","32","11.6","116","0.879","221","0.52","153","0.346","0.52","0.578","27.3","5.7","5.2","2","0.4","2.7","33","32.4","38.2","10.4","115.7","108.4"
"","Tyrese Maxey","Phi","G","23.1","21","37.8","26.3","6.7","118","0.898","243","0.514","172","0.407","0.554","0.606","27","4.1","6.7","0.8","0.6","1.4","31.1","33.6","37.8","9.6","130.8","113.6"
"","Trae Young","Atl","G","25.2","20","35.6","31.3","16.5","174","0.874","223","0.457","170","0.353","0.489","0.571","26.8","2.7","10.5","1.5","0.1","3.9","29.5","37.3","40","10.3","120.4","120.6"
"","Tyrese Haliburton","Ind","G","23.8","19","36.2","25","12.3","87","0.885","167","0.599","167","0.443","0.632","0.67","26.3","4.2","12.3","1","0.7","2.5","30.5","38.5","42.7","12.2","138.5","122.8"
"","LeBron James","Lal","F","38.9","22","34.9","28","16.9","127","0.717","246","0.626","123","0.407","0.621","0.646","25","7.5","6.6","1.5","0.7","3.4","32.5","31.6","39.1","12.3","118.7","108"
"","Damian Lillard","Mil","G","33.4","21","35.6","28.2","13.9","177","0.921","181","0.486","177","0.35","0.506","0.602","25","4.6","7","1","0.2","2.8","29.6","32","36.6","10.5","123.2","116.2"
"","Desmond Bane","Mem","G","25.5","22","34.4","29.7","13.1","83","0.867","235","0.54","191","0.382","0.555","0.589","24.8","4.3","5.3","1.3","0.7","2.9","29.1","30","34.4","9.6","113.7","108.7"
"","LaMelo Ball","Cha","G","22.3","15","33.4","32.8","16.5","63","0.857","164","0.488","134","0.388","0.53","0.568","24.7","5.5","8.2","1.4","0.3","3.9","30.1","32.9","38.3","12.4","112.6","113.5"
"","Jalen Brunson","Nyk","G","27.3","22","35.5","27.6","10.2","110","0.8","265","0.483","148","0.446","0.55","0.587","24.6","3.5","5.6","1","0","2.1","28.1","30.3","33.8","8.8","123.1","111.1"
"","Anthony Edwards","Min","G","22.4","19","33.5","31.6","14","111","0.865","237","0.489","119","0.378","0.515","0.572","24.4","5.6","4.8","1.2","0.5","3.1","30","29.2","34.8","10.4","111.5","104.2"
"","Lauri Markkanen","Uta","F","26.6","15","34.1","24.7","7.3","75","0.84","124","0.589","128","0.383","0.581","0.625","23.7","8.7","1.1","1.1","0.9","1.3","32.4","24.8","33.5","7.2","125.4","114.9"
"","Terry Rozier","Cha","G","29.7","12","36.9","26.5","11.9","52","0.846","139","0.525","83","0.373","0.538","0.578","23.6","3.5","7.7","0.8","0.4","2.5","27.1","31.3","34.8","9.3","118.9","120.9"
"","Cam Thomas","Bro","G","22.2","13","31.5","31.7","7.8","56","0.839","180","0.489","79","0.342","0.496","0.536","23.4","3.2","2.3","0.6","0.5","1.7","26.6","25.7","28.9","7.1","108.1","113.7"
"","Paul George","Lac","G","33.6","22","36","26.5","11.2","96","0.927","213","0.498","182","0.385","0.534","0.584","23.2","5.9","4.2","1.7","0.3","2.3","29.1","27.4","33.3","9.2","116.3","105.9"
"","Mikal Bridges","Bro","F","27.3","22","34.9","26.4","13","107","0.869","250","0.544","124","0.387","0.556","0.604","23.1","6","4","0.9","0.5","2.5","29.1","27.1","33.1","9.4","119","113.7"
"","Kyrie Irving","Dal","G","31.7","17","31.8","28.2","6.9","62","0.903","198","0.52","112","0.384","0.54","0.58","23","3.9","5.2","1.2","0.3","1.4","26.9","28.2","32.1","9.8","122.1","113.4"
"","Kawhi Leonard","Lac","F","32.5","22","34.9","25.7","8.2","92","0.859","259","0.529","123","0.415","0.559","0.599","23","5.9","3.6","1.6","0.7","1.5","28.9","26.6","32.5","9","121.8","110"
"","Brandon Ingram","Nor","F","26.3","21","33.9","28.7","12.9","106","0.783","289","0.547","90","0.3","0.524","0.564","22.9","5.1","5.4","0.7","0.1","2.7","28","28.2","33.3","10.1","110.9","111.7"
"","Zion Williamson","Nor","F","23.4","20","31","29.2","14.7","146","0.658","302","0.589","6","0.333","0.588","0.615","22.9","5.6","4.7","1.1","0.3","2.7","28.5","27.6","33.2","10.9","118.5","109.3"
"","Tyler Herro","Mia","G","23.9","8","34","29.7","11.6","25","0.88","91","0.473","61","0.41","0.53","0.561","22.9","5","4.6","1.4","0","2.5","27.9","27.5","32.5","9.5","107.5","111.4"
"","Kyle Kuzma","Was","F","28.4","22","31.2","30.8","11.3","73","0.795","283","0.53","134","0.358","0.532","0.559","22.8","5.9","4.5","0.3","0.6","2.4","28.7","27.3","33.2","10.8","107.8","119.9"
"","Anthony Davis","Lal","C","30.8","22","36.9","24.4","11.1","147","0.837","338","0.544","13","0.231","0.537","0.601","22.7","12.7","3.2","1","2.7","2","35.4","26","38.6","10.6","122.5","102.9"
"","DeMar DeRozan","Chi","F","34.3","22","35.9","27.1","6.9","159","0.805","333","0.456","59","0.373","0.472","0.539","22.6","3.5","5.3","1","0.7","1.3","26.1","28","31.5","8.3","118.2","116.2"
"","Bam Adebayo","Mia","C","26.4","16","33.6","28.1","13.3","112","0.813","250","0.524","3","0.333","0.524","0.589","22.3","10","3.9","1.2","1","2.4","32.3","26.1","36.1","11.4","116.5","106.3"
"","Jerami Grant","Por","F","29.8","19","35","26.4","12.9","112","0.83","199","0.452","119","0.412","0.514","0.572","22.1","3.8","2.2","0.8","0.9","2.5","25.9","24.3","28.2","6.5","110.4","113.8"
"","Julius Randle","Nyk","F","29","22","35","28.7","15.9","144","0.722","265","0.506","120","0.308","0.492","0.539","22","9.6","5.4","0.7","0.2","3.3","31.6","27.3","37","11.9","110.9","107.2"
"","Jaylen Brown","Bos","F","27.1","20","34","28.6","11.7","74","0.703","230","0.535","138","0.341","0.526","0.548","22","4.9","3.3","1.2","0.7","2.5","26.9","25.2","30.1","8.3","106.8","103.9"
"","Cade Cunningham","Det","G","22.2","23","35","30.5","18","91","0.89","310","0.465","137","0.336","0.477","0.52","22","3.9","7.3","1","0.3","4.3","26","29.3","33.3","9.8","101.7","115.3"
"","Jimmy Butler","Mia","F","34.2","19","34.1","26","10.5","156","0.885","233","0.476","47","0.404","0.498","0.598","21.9","5.1","4.3","1.2","0.5","1.7","27.1","26.3","31.4","9.2","124.9","114.9"
"","Karl-Anthony Towns","Min","F","28.1","22","33.2","26.5","15.9","98","0.898","229","0.546","108","0.426","0.576","0.626","21.6","9.1","3","0.9","0.7","2.9","30.7","24.7","33.8","10.1","115.2","96.4"
"","Zach LaVine","Chi","G","28.8","18","35.3","25.4","10.8","82","0.866","170","0.524","128","0.336","0.515","0.566","21","4.8","3.4","0.9","0.2","2","25.8","24.4","29.2","7.9","112.2","114.7"
"","Jaren Jackson Jr.","Mem","F","24.2","22","31.4","28.1","10.3","128","0.836","246","0.488","112","0.33","0.49","0.553","20.8","5.8","1.8","0.6","1.8","1.9","26.6","22.6","28.4","7.7","109.9","106.4"
"","Pascal Siakam","Tor","F","29.7","23","34.4","25.4","13.5","124","0.75","281","0.584","85","0.212","0.522","0.565","20.7","6.8","4.9","0.9","0.2","2.5","27.4","25.5","32.3","10.3","113.5","110.5"
"","Paolo Banchero","Orl","F","21.1","23","33.6","26.9","17","143","0.685","285","0.516","72","0.389","0.529","0.567","20.7","6.8","4.5","1","0.6","3.2","27.5","25.2","32","10.2","108.8","105"
"","Franz Wagner","Orl","F","22.3","23","33.1","25.8","9.1","107","0.832","267","0.524","114","0.307","0.505","0.554","20.6","5.7","3.7","1","0.3","1.7","26.3","24.3","30","9.2","114.9","106.1"
"","Darius Garland","Cle","G","23.9","18","33.7","27.7","19.8","91","0.835","190","0.542","89","0.326","0.525","0.578","20.5","2.8","6","1.6","0.2","3.8","23.3","26.5","29.3","8.3","108.2","112"
"","Alperen Sengun","Hou","C","21.4","20","32.8","27.2","14.8","91","0.637","260","0.585","51","0.314","0.566","0.584","20.5","9.1","5.6","1","0.9","2.7","29.6","26.1","35.2","12.4","116.3","99.6"
"","Dejounte Murray","Atl","G","27.2","22","34.3","24.4","12","65","0.877","244","0.48","130","0.385","0.513","0.548","20","4.5","5.4","1.7","0.2","2.3","24.5","25.4","29.9","9.2","114.3","118.9"
"","Miles Bridges","Cha","F","25.7","11","36.6","20.9","9.5","41","0.854","106","0.547","56","0.411","0.571","0.611","20","6.9","2.5","1.4","0.3","1.5","26.9","22.5","29.5","7.7","120.1","117.6"
"","CJ McCollum","Nor","G","32.2","11","32.9","24.5","7.8","39","0.795","95","0.495","82","0.378","0.528","0.561","19.8","4.2","5.5","1.6","0.9","1.4","24","25.3","29.5","9.4","118.4","110.4"
"","Scottie Barnes","Tor","G","22.4","23","34.9","23.9","13.2","90","0.756","238","0.517","123","0.382","0.536","0.568","19.8","9","5.6","1.7","1.2","2.4","28.8","25.4","34.4","11.5","116.9","109.4"
"","RJ Barrett","Nyk","F","23.5","17","29.7","27.8","10.5","83","0.831","175","0.463","89","0.382","0.5","0.554","19.6","3.8","2.6","0.5","0.2","1.8","23.4","22.2","26","7.8","113.8","113.1"
"","Kristaps Porzingis","Bos","C","28.4","16","30.2","22.4","9.8","84","0.81","112","0.696","80","0.338","0.617","0.666","19.1","6.4","1.8","0.8","1.6","1.3","25.5","20.9","27.3","8","131.2","101.1"
"","Shaedon Sharpe","Por","G","20.5","22","37.1","22.7","15.9","96","0.823","196","0.469","137","0.365","0.502","0.55","18.8","5.6","3.6","1","0.4","2.9","24.4","22.4","28","7.8","107.5","111"
"","Victor Wembanyama","San","F","19.9","21","30.4","29.8","17.1","89","0.809","235","0.515","108","0.25","0.471","0.517","18.8","10.6","2.6","1.2","2.8","3.4","29.4","21.4","32","10.6","96.5","109.4"
"","Domantas Sabonis","Sac","C","27.6","21","35.2","21.7","19.7","124","0.677","235","0.583","26","0.423","0.588","0.62","18.6","12.3","7.1","0.9","0.8","3","31","25.7","38","13.4","124.7","105.9"
"","Jamal Murray","Den","G","26.8","11","29.8","26","12.9","31","0.903","101","0.465","60","0.45","0.543","0.581","18.5","3.5","6.5","0.4","0.7","2.2","21.9","24.9","28.4","10.1","117.2","113.1"
"","Jalen Green","Hou","G","21.8","20","31.4","27.2","13.7","102","0.794","174","0.477","122","0.336","0.488","0.543","18.5","4.6","3","0.5","0.4","2.4","23.1","21.5","26","8.1","104.2","108"
"","Devin Vassell","San","G","23.3","17","28.8","23.9","9.3","51","0.765","114","0.579","119","0.37","0.567","0.593","17.8","3.3","2.8","0.9","0.1","1.4","21.1","20.6","23.9","7.6","113.5","119.8"
"","Jalen Williams","Okc","F","22.7","19","32.6","21.7","12.5","74","0.878","190","0.553","54","0.389","0.559","0.611","17.8","4.2","3.6","0.8","0.3","1.8","21.9","21.4","25.6","7.9","117.8","108"
"","Bojan Bogdanovic","Det","F","34.7","4","30.5","23.4","11.4","16","0.688","24","0.542","30","0.367","0.546","0.573","17.5","2.5","3","2","0","1.8","20","20.5","23","6.7","111.4","118.6"
"","Myles Turner","Ind","C","27.7","21","28.8","22.3","10","87","0.759","170","0.624","92","0.315","0.571","0.608","17.4","8","1.4","0.7","2.1","1.4","25.4","18.8","26.8","8.1","119.4","111.1"
"","Bradley Beal","Pho","G","30.5","3","28.5","31.5","16.3","16","0.688","31","0.419","15","0.333","0.446","0.49","17.3","5.3","3.7","0.7","0.3","3","22.7","21","26.3","9.8","97.2","106.7"
"","Bogdan Bogdanovic","Atl","G","31.3","22","27.6","22.7","8.6","32","0.938","110","0.564","186","0.403","0.59","0.611","17.2","3.4","2.3","1.4","0.3","1.3","20.6","19.5","22.9","7.4","121.8","113.3"
"","Malcolm Brogdon","Por","G","31","15","28.1","27.3","10.9","54","0.796","142","0.43","79","0.38","0.48","0.521","17","4","6.1","0.9","0.2","1.8","21","23.1","27.1","10.6","114","114.9"
"","Michael Porter Jr.","Den","F","25.5","24","31.7","21","8.4","34","0.735","152","0.586","175","0.389","0.584","0.595","17","8","1.7","0.5","0.8","1.3","25","18.6","26.7","7.7","116.1","109.3"
"","Chet Holmgren","Okc","C","21.6","22","29.8","22.1","14.7","84","0.881","162","0.605","92","0.38","0.593","0.644","17","7.8","2.5","0.9","2.4","2","24.9","19.5","27.4","9.3","122.1","103.6"
"","Tobias Harris","Phi","F","31.4","22","34.9","19.1","12.4","79","0.886","209","0.569","66","0.318","0.547","0.599","16.9","6","2.7","1","0.3","1.8","22.9","19.6","25.6","7.4","118.5","112"
"","Tim Hardaway Jr.","Dal","G-F","31.7","19","27.7","23.4","5.5","43","0.884","85","0.506","172","0.384","0.553","0.584","16.9","3.4","1.5","0.2","0","0.8","20.4","18.5","21.9","6.4","117","116.9"
"","Fred VanVleet","Hou","G","29.8","19","37.9","20.2","10.4","54","0.87","117","0.385","158","0.38","0.491","0.531","16.7","4.2","8.5","0.8","0.5","1.7","20.9","25.2","29.4","8.9","117.8","109"
"","Keldon Johnson","San","F","24.2","21","33","20.3","9.8","67","0.761","157","0.554","120","0.35","0.542","0.573","16.7","6.5","4","1","0.3","1.4","23.2","20.7","27.2","9.2","115.7","113.9"
"","Jordan Poole","Was","G","24.5","21","29","27.8","16.2","75","0.867","181","0.475","129","0.295","0.461","0.512","16.7","2.5","3.3","1","0.3","2.9","19.2","20","22.6","7.1","95.2","116.6"
"","Jordan Clarkson","Uta","G","31.5","19","30.8","26.4","16.5","66","0.833","183","0.459","105","0.295","0.453","0.498","16.6","3.4","4.9","0.8","0.2","3","20","21.6","24.9","8.5","102.4","120.9"
"","D'Angelo Russell","Lal","G","27.8","23","31.6","21.6","12.3","55","0.782","172","0.541","126","0.405","0.569","0.593","16.6","3.3","6.3","0.8","0.5","1.8","19.9","22.9","26.1","8.9","118.4","108.8"
"","Coby White","Chi","G","23.8","24","34.1","20.1","12.6","49","0.837","138","0.464","173","0.428","0.563","0.588","16.3","3.5","4.3","0.9","0.3","1.9","19.8","20.6","24.2","7.3","115.6","113.2"
"","James Harden","Lac","G","34.3","17","33.8","18.8","18","78","0.859","77","0.532","100","0.41","0.579","0.644","16","4.5","6.8","1.5","0.6","2.3","20.5","22.8","27.4","9.3","126.8","109.2"
"","Nikola Vucevic","Chi","C","33.1","24","34.5","22.3","10.4","41","0.854","279","0.505","84","0.262","0.479","0.503","16","10.3","3.3","0.8","0.7","1.8","26.3","19.2","29.5","9.5","107.4","109.1"
"","Evan Mobley","Cle","C","22.5","21","33.6","20","16.2","65","0.769","238","0.588","10","0.2","0.577","0.607","16","10.5","2.9","0.8","1.7","2.3","26.5","18.9","29.4","9.4","116.3","103.6"
"","Klay Thompson","Gol","F","33.8","21","30.1","22.8","12.9","52","0.885","119","0.471","163","0.356","0.507","0.544","15.8","3.9","2.1","0.4","0.6","2","19.7","17.9","21.8","6.7","105.1","111.6"
"","OG Anunoby","Tor","F","26.4","19","32.7","19.2","12","38","0.684","108","0.556","127","0.394","0.574","0.588","15.6","4.4","2.5","1.1","0.7","1.7","19.9","18.1","22.4","6.8","112.1","110.7"
"","Derrick White","Bos","G","29.4","18","32.4","18.3","15","64","0.875","81","0.568","105","0.41","0.594","0.647","15.4","3.8","5.2","1.1","0.9","1.8","19.2","20.6","24.4","8.3","129.5","106.5"
"","Gordon Hayward","Cha","F","33.7","20","32.5","21.2","13.3","68","0.75","203","0.488","52","0.365","0.5","0.537","15.3","5","4.7","1.3","0.5","2","20.3","20","25","8.8","111.3","118.8"
"","Dennis Schroder","Tor","G","30.2","23","31.7","21.5","11.8","72","0.861","185","0.47","115","0.339","0.485","0.532","15.3","3","7","1","0.1","1.7","18.3","22.3","25.3","8.6","116.4","112.2"
"","Cole Anthony","Orl","G","23.6","23","25.6","24.5","14.8","101","0.842","167","0.497","86","0.372","0.518","0.583","15.1","4.5","3.6","0.7","0.5","1.9","19.6","18.7","23.2","9.8","116.2","100.5"
"","Malik Monk","Sac","G","25.9","21","25.2","24.5","16.8","60","0.9","100","0.45","132","0.432","0.563","0.61","15","2.8","4.9","0.8","0.4","2.2","17.8","19.9","22.7","9.4","117.8","113.4"
"","Immanuel Quickley","Nyk","G","24.5","21","24.2","25","8.5","70","0.9","128","0.484","118","0.364","0.514","0.571","15","2.9","2.8","0.4","0.1","1.1","17.9","17.8","20.7","8.2","121.3","110.9"
"","Caris LeVert","Cle","G","29.3","16","30.4","22.9","9.3","50","0.74","126","0.476","87","0.31","0.472","0.506","14.9","3.7","3.6","1","0.4","1.4","18.6","18.4","22.1","7.7","106.4","110"
"","Duncan Robinson","Mia","F","29.6","21","29.6","19.1","9.4","30","0.833","84","0.571","148","0.426","0.614","0.632","14.8","2.8","2.9","0.4","0.1","1.1","17.5","17.7","20.4","6.7","120.8","110.7"
"","De'Andre Hunter","Atl","F","26","21","30.6","18.7","12.4","69","0.899","131","0.511","102","0.373","0.532","0.589","14.8","4.2","1.3","0.9","0.3","1.6","19","16.1","20.3","5.7","114.8","113.5"
"","Spencer Dinwiddie","Bro","G","30.7","21","31.5","20.8","12.8","80","0.8","113","0.469","138","0.333","0.486","0.538","14.7","3.8","6.4","0.8","0.1","1.8","18.4","21","24.8","9","118.6","114.6"
"","Cameron Johnson","Bro","F","27.8","15","29.1","20.2","9.6","24","0.833","87","0.529","92","0.391","0.559","0.58","14.7","5.7","2.7","0.8","0.1","1.3","20.4","17.3","23.1","8.4","120.4","112.5"
"","Eric Gordon","Pho","G","35","20","32.1","18.5","12","16","0.813","98","0.561","137","0.409","0.591","0.601","14.6","2.2","3","1.1","0.6","1.6","16.7","17.6","19.7","5.7","114.8","115.4"
"","Lonnie Walker IV","Bro","G-F","25","17","21.3","26","12.2","38","0.763","85","0.518","95","0.463","0.611","0.633","14.6","2.6","1.6","0.6","0.4","1.5","17.3","16.3","18.9","7.4","117.3","114.8"
"","Brandon Miller","Cha","F","21.1","19","31.7","19.9","10.6","38","0.816","143","0.476","92","0.402","0.526","0.552","14.6","4.2","2.2","0.6","0.6","1.5","18.8","16.8","21","6.5","109.8","116.4"
"","Kelly Oubre Jr.","Phi","F-G","28","11","26.6","20.3","6.3","33","0.758","71","0.592","48","0.354","0.567","0.599","14.5","4.7","0.7","1.3","0.4","0.7","19.3","15.3","20","5.5","122.4","107.9"
"","John Collins","Uta","F","26.2","22","31","18.7","11","60","0.75","170","0.529","81","0.383","0.544","0.573","14.5","8.6","0.9","0.6","1","1.4","23","15.4","24","6.2","114.4","112.8"
"","Trey Murphy III","Nor","F","23.5","4","24.6","22.3","4.1","6","0.667","17","0.706","30","0.333","0.574","0.584","14.5","2.8","1","0.3","0.5","0.5","17.3","15.5","18.3","5.6","114.6","117.7"
"","Jalen Johnson","Atl","F","22","15","29.9","17","17.3","33","0.758","103","0.66","40","0.425","0.654","0.673","14.1","7.3","2.4","1.1","1","2","21.4","16.5","23.8","8.4","122","113.5"
"","Austin Reaves","Lal","G","25.5","23","30.3","20.4","18.6","80","0.863","143","0.559","97","0.33","0.533","0.59","14.1","4.7","4.7","1","0.1","2.4","18.9","18.8","23.6","8.9","112.4","109"
"","Jonas Valanciunas","Nor","C","31.6","24","27","19.4","11.4","74","0.797","188","0.606","45","0.356","0.592","0.631","14","9","2.3","0.5","1.3","1.3","23","16.3","25.3","9.8","126.4","102.5"
"","P.J. Washington","Cha","F","25.3","20","31.1","20","10.6","39","0.718","123","0.537","122","0.328","0.514","0.534","14","5.4","2.5","0.7","1","1.5","19.4","16.5","21.8","7.4","108.1","115.2"
"","Max Strus","Cle","F","27.7","23","34.6","17.7","11.6","34","0.794","98","0.52","177","0.362","0.535","0.554","14","5.4","3.9","1","0.6","1.6","19.3","17.9","23.3","7.7","112.5","106.8"
"","Bennedict Mathurin","Ind","F","21.5","21","26.7","21.4","11","65","0.8","163","0.479","72","0.375","0.504","0.548","13.8","4","2.2","0.6","0.2","1.4","17.8","16","20","7.4","111.1","118.1"
"","Brook Lopez","Mil","C","35.7","23","30.7","16.7","8.2","46","0.783","113","0.664","122","0.352","0.594","0.617","13.7","5","1.5","0.9","2.8","0.9","18.7","15.2","20.2","6.1","123.9","111.6"
"","Keegan Murray","Sac","F","23.3","17","32.2","18.5","8.2","22","0.864","93","0.527","118","0.322","0.502","0.523","13.6","5.6","1.8","1.1","0.5","1.1","19.2","15.4","21.1","6.4","108.2","109.9"
"","Buddy Hield","Ind","G","31","21","27.2","19","11.6","13","0.846","75","0.587","154","0.396","0.592","0.601","13.4","3.2","2.6","0.9","0.6","1.4","16.7","16","19.3","7.1","114.4","118.3"
"","Rudy Gobert","Min","C","31.5","22","32.4","16.1","16.2","110","0.636","181","0.613","0","0","0.613","0.636","13.3","12.2","1","0.5","2.5","1.6","25.5","14.3","26.5","6.7","124.9","97.9"
"","Dillon Brooks","Hou","F","27.9","20","31.2","18.8","15.3","43","0.837","119","0.513","91","0.396","0.548","0.581","13.3","3.6","1.8","1","0.1","1.9","16.9","15.1","18.6","5.7","106.2","99.5"
"","Reggie Jackson","Den","G","33.7","24","26.1","21.2","12.9","35","0.686","157","0.561","99","0.394","0.572","0.584","13.2","2.3","4.6","0.7","0.3","1.6","15.5","17.8","20.1","8","115.7","112.5"
"","Zach Collins","San","C","26.1","22","28.2","21.2","20.5","60","0.8","143","0.601","85","0.271","0.529","0.568","13.1","6.2","3.8","0.7","0.6","2.7","19.3","16.9","23.1","9.6","106.1","109.8"
"","Saddiq Bey","Atl","F","24.7","22","30.4","15.6","10.5","46","0.804","108","0.593","104","0.394","0.592","0.62","13.1","5.9","1.2","1","0.2","1.1","19","14.3","20.2","6","124.8","118.1"
"","De'Anthony Melton","Phi","G","25.5","22","30.1","18.4","11.7","60","0.8","99","0.414","134","0.381","0.504","0.545","12.9","4","3.8","1.5","0.5","1.4","16.9","16.7","20.7","7.7","115.8","108.2"
"","Deandre Ayton","Por","C","25.4","18","31.9","16.8","16","21","0.81","184","0.587","0","0","0.587","0.603","12.9","10.8","1.6","1.2","0.7","1.9","23.7","14.5","25.3","7.6","113.4","106.1"
"","Aaron Gordon","Den","F","28.2","20","32.8","18.2","13.1","60","0.517","177","0.559","41","0.22","0.516","0.524","12.8","7.3","3.5","1","0.8","1.7","20.1","16.3","23.6","8.4","110.8","112.2"
"","Naz Reid","Min","C-F","24.3","22","22","23","9.5","32","0.906","119","0.605","99","0.364","0.578","0.605","12.8","4.5","0.9","0.7","0.6","1","17.3","13.6","18.2","6.8","116.1","102.2"
"","Obi Toppin","Ind","F","25.8","21","25.5","15.9","8.8","36","0.806","105","0.781","70","0.357","0.683","0.702","12.8","3.1","1.3","0.6","0.6","0.8","15.9","14","17.2","5.8","133.3","118.5"
"","Collin Sexton","Uta","G","24.9","23","20.7","25.8","16.8","82","0.878","140","0.514","77","0.325","0.505","0.575","12.7","2.7","3.2","0.5","0.2","1.9","15.3","15.9","18.6","9.3","114.4","116.7"
"","Santi Aldama","Mem","F-C","22.9","16","26.5","21.4","9","29","0.621","97","0.536","85","0.318","0.508","0.521","12.7","6.1","2.3","0.8","0.8","1.1","18.8","15","21.1","8.5","108.1","110.3"
"","Mark Williams","Cha","C","22","19","26.8","16.5","10.1","64","0.719","151","0.649","0","0","0.649","0.675","12.7","9.7","1.2","0.8","1.1","0.9","22.4","13.9","23.6","7.9","138.4","111.7"
"","Andrew Wiggins","Gol","F","28.8","20","27.5","22.5","14.3","59","0.627","168","0.476","65","0.277","0.459","0.485","12.6","4.4","1.2","0.3","0.4","2","17","13.7","18.1","5.9","95.6","110.6"
"","Jalen Duren","Det","C","20.1","14","28.9","18.4","23","28","0.571","125","0.64","2","0","0.63","0.632","12.6","10.9","2.5","0.6","1.4","2.7","23.5","15.1","26","9.7","110.4","106.5"
"","Marcus Smart","Mem","G","29.8","11","29.9","21.4","23.7","21","0.81","58","0.569","61","0.295","0.504","0.534","12.5","2.5","5","2","0.4","3.4","14.9","17.5","19.9","7.2","96.7","106.1"
"","Jarrett Allen","Cle","C","25.6","18","27.8","16.7","18.4","57","0.719","137","0.672","0","0","0.672","0.694","12.5","8.2","2.2","0.6","0.9","1.7","20.7","14.7","22.9","8.8","129.2","102.8"
"","Bruce Brown","Ind","G","27.3","21","33","14.9","10.5","55","0.836","127","0.543","77","0.338","0.529","0.574","12.5","4.6","2.6","1.2","0.2","1.1","17","15.1","19.7","6.4","115.9","117.3"
"","Jabari Smith Jr.","Hou","F","20.6","20","30.3","17.6","11.7","30","0.767","116","0.578","87","0.356","0.559","0.578","12.5","8.7","1.8","0.6","0.8","1.4","21.2","14.3","23","7.7","113.3","98.6"
"","Jrue Holiday","Bos","G","33.5","19","34.7","17.1","16.1","29","0.828","122","0.475","86","0.372","0.51","0.535","12.4","7.1","5.1","0.7","0.9","2.1","19.5","17.5","24.6","8.8","113","108.6"
"","Khris Middleton","Mil","F","32.3","19","22.2","24.7","15.8","38","0.789","120","0.533","72","0.361","0.536","0.565","12.4","4.8","4.2","0.8","0.1","1.9","17.2","16.6","21.4","11.4","112.9","109"
"","Jaime Jaquez Jr.","Mia","G","22.8","23","27.2","19","14.2","37","0.838","147","0.592","70","0.386","0.588","0.613","12.4","3.5","2.5","1","0.2","1.6","15.9","14.9","18.4","7","115.1","108.2"
"","Norman Powell","Lac","G","30.6","22","24.4","19.1","10.4","57","0.842","99","0.515","91","0.44","0.584","0.628","12.3","2","1","0.7","0.5","1","14.3","13.3","15.4","4.8","119.3","109.2"
"","Ivica Zubac","Lac","C","26.7","22","26.9","17.4","12.3","64","0.594","185","0.627","0","0","0.627","0.633","12.3","9","1","0.2","1.5","1.2","21.3","13.2","22.2","7.1","125.2","103.4"
"","Grayson Allen","Pho","G","28.2","19","33.1","14.3","14.7","38","0.895","68","0.5","94","0.468","0.617","0.655","12.3","4.5","2.9","0.7","0.4","1.5","16.8","15.2","19.7","6.6","124.6","112"
"","Moritz Wagner","Orl","F-C","26.6","23","19.3","22.6","15.6","62","0.774","140","0.7","38","0.342","0.66","0.689","12.3","4.2","1.1","0.5","0.4","1.4","16.5","13.4","17.7","8","124","99.7"
"","Malik Beasley","Mil","G","27","23","30.1","14.1","7.1","12","0.667","57","0.544","151","0.464","0.654","0.656","12.2","4.3","1.4","0.9","0.1","0.7","16.5","13.6","18","5.6","126.5","113.1"
"","Caleb Martin","Mia","F","28.2","13","25.6","22.2","10.2","24","0.667","88","0.5","53","0.34","0.504","0.521","12.2","4.5","2.2","0.8","0.2","1.2","16.6","14.4","18.8","7.7","105.2","108.3"
"","Jalen Suggs","Orl","G","22.5","21","26.1","20","17.8","56","0.821","104","0.529","89","0.371","0.541","0.586","12.1","3.5","2.7","1.8","0.6","2","15.6","14.8","18.3","7.4","109.1","99.8"
"","Kevin Huerter","Sac","G","25.3","20","26.8","17.8","7.3","17","0.824","73","0.562","129","0.372","0.559","0.573","12","4.5","2.8","0.8","0.3","0.8","16.5","14.8","19.3","8","118.6","109.4"
"","Deni Avdija","Was","F","22.9","22","26.8","17.9","13.7","40","0.825","139","0.597","63","0.349","0.574","0.603","12","5.5","3.9","0.9","0.4","1.5","17.5","15.9","21.4","9.5","119.3","116.7"
"","Herbert Jones","Nor","G","25.2","21","31.1","15","15.7","64","0.875","98","0.622","73","0.342","0.576","0.635","12","4.6","2.9","1.7","1.2","1.5","16.7","15","19.6","7","122.7","104.9"
"","Jordan Hawkins","Nor","G","21.6","23","25.9","19.4","8.7","46","0.87","77","0.429","153","0.366","0.509","0.547","11.9","3.5","1.7","0.4","0","1","15.4","13.6","17.1","6.4","110.5","111.6"
"","Harrison Barnes","Sac","F","31.5","21","31.4","13.9","8.7","51","0.824","79","0.582","98","0.388","0.582","0.622","11.8","3.4","1.5","0.8","0.2","0.8","15.2","13.3","16.7","5","123.9","117.2"
"","Jusuf Nurkic","Pho","C","29.3","22","28","20.1","18.2","76","0.697","152","0.533","54","0.278","0.502","0.543","11.8","9.1","3.8","1","1.2","2.1","20.9","15.6","24.7","10.6","113.1","100.7"
"","Nic Claxton","Bro","C","24.7","13","27.1","15.1","8","30","0.6","103","0.65","0","0","0.65","0.654","11.7","9.4","1.5","0.5","2.5","0.7","21.1","13.2","22.5","8.1","137.5","107"
"","Jonathan Kuminga","Gol","F","21.2","21","20.1","25.2","13","73","0.685","144","0.535","50","0.28","0.505","0.544","11.7","3.3","1","0.6","0.3","1.4","15","12.7","16","6.7","104.9","105.4"
"","Josh Giddey","Okc","G","21.2","22","26","24.7","17.4","27","0.778","205","0.444","56","0.321","0.452","0.471","11.7","6","4.4","0.9","0.5","2.5","17.7","16.1","22.1","10.4","97.5","109.5"
"","Russell Westbrook","Lac","G","35.1","22","25.3","23.8","18.5","58","0.621","172","0.494","57","0.281","0.476","0.499","11.5","6.4","5","1.2","0.5","2.4","18","16.5","22.9","11.3","104.3","103.3"
"","Jaden Ivey","Det","G","21.8","19","23.6","20.7","18.2","55","0.818","102","0.588","59","0.305","0.54","0.591","11.5","2.7","2.7","0.8","0.4","1.9","14.2","14.2","16.9","7.4","110.5","111.7"
"","Mike Conley","Min","G","36.2","22","29.7","15.1","10.9","35","0.943","71","0.479","117","0.427","0.58","0.617","11.4","3.1","6.2","1","0.1","1","14.5","17.6","20.7","8.1","133.5","105.6"
"","Markelle Fultz","Orl","G","25.5","5","28.6","18.8","9.6","4","0.75","53","0.509","3","0","0.482","0.493","11.4","3.4","4","1.2","0.4","1.2","14.8","15.4","18.8","7.5","109","109.6"
"","Rui Hachimura","Lal","F","25.8","14","23.6","18.9","9.1","30","0.767","78","0.551","42","0.405","0.571","0.601","11.4","3.5","1.1","0.8","0.2","0.9","14.9","12.5","16","6","115.6","107.2"
"","Keyonte George","Uta","G","20.1","23","26.7","21.2","18.8","73","0.781","108","0.407","121","0.322","0.448","0.502","11.4","3.1","5.2","0.5","0.1","2.3","14.5","16.6","19.7","8.5","105.8","121.1"
"","Tyus Jones","Was","G","27.6","22","26.8","16.6","7.1","17","0.765","139","0.59","70","0.343","0.565","0.575","11.3","2.9","4.9","1","0.2","0.7","14.2","16.2","19","8.1","122.3","123.9"
"","Bobby Portis","Mil","F","28.8","23","23.7","20.2","8.7","37","0.784","163","0.552","58","0.293","0.523","0.548","11.3","6.6","1.1","0.7","0.6","0.9","17.9","12.4","19","7.3","112.2","106.9"
"","Dorian Finney-Smith","Bro","F","30.6","21","30.8","13.2","9.1","6","0.667","58","0.534","122","0.459","0.639","0.641","11.1","5.2","1.3","0.6","0.7","0.9","16.4","12.4","17.7","5.5","127.8","112.7"
"","Aaron Nesmith","Ind","G-F","24.2","19","25.8","13.9","7.9","33","0.636","66","0.652","74","0.459","0.671","0.676","11","2.9","1","0.9","0.6","0.6","13.9","12","14.9","4.9","129.4","112.3"
"","Clint Capela","Atl","C","29.6","22","25.1","16.5","9.4","54","0.63","182","0.566","0","0","0.566","0.583","10.9","10.4","1.1","0.7","1.6","0.9","21.3","12","22.4","8","128.6","109.9"
"","Corey Kispert","Was","F","24.8","21","22.9","18.5","10.9","43","0.767","63","0.571","109","0.376","0.567","0.597","10.9","2.5","1.6","0.4","0","1","13.4","12.4","15","6.1","112.7","119.6"
"","Jeremy Sochan","San","G","20.6","22","29.2","18.9","19.9","43","0.791","166","0.446","51","0.373","0.472","0.507","10.9","5.1","4.1","0.7","0.3","2.5","16","15","20.1","8.4","98.9","113"
"","Kentavious Caldwell-Pope","Den","G","30.8","24","33.7","13.3","13.1","51","0.902","109","0.486","89","0.404","0.54","0.59","10.8","2","2.6","1.5","0.5","1.3","12.8","13.4","15.4","4.5","115.4","113.6"
"","Jakob Poeltl","Tor","C","28.2","23","26.5","14.6","18.3","45","0.489","156","0.724","0","0","0.724","0.705","10.8","8.3","2.2","0.7","1.1","1.5","19.1","13","21.3","8.8","127.2","105.3"
"","Isaiah Stewart","Det","F","22.6","23","31.1","15","16.3","40","0.775","112","0.527","88","0.375","0.543","0.57","10.8","7.1","1.4","0.3","0.6","1.7","17.9","12.2","19.3","6.1","107.3","113.8"
"","Alec Burks","Det","G","32.4","16","18.8","22.3","5.8","52","0.885","47","0.34","82","0.378","0.484","0.563","10.7","2.3","1.7","0.4","0.3","0.5","12.9","12.4","14.6","7.4","121.8","116"
"","Dario Saric","Gol","F-C","29.7","22","21.6","19.8","13.6","46","0.826","84","0.536","94","0.383","0.556","0.595","10.7","6.1","2.4","0.7","0.3","1.3","16.9","13.1","19.2","10","120.4","104"
"","Ausar Thompson","Det","F","20.9","23","27.6","19","16.6","50","0.68","173","0.543","48","0.146","0.473","0.5","10.6","8.4","2.5","1","1.3","1.9","19","13","21.5","8.8","103.1","106.2"
"","Josh Richardson","Mia","G","30.2","20","27.8","16.2","11.5","31","0.903","83","0.578","86","0.314","0.524","0.561","10.3","2.7","3.1","0.6","0.3","1.1","13","13.3","16","6.4","113.7","112.3"
"","Gary Trent Jr.","Tor","G-F","24.9","20","25.1","18.9","5.7","32","0.594","97","0.423","102","0.343","0.47","0.483","10.3","2","1.4","0.7","0.1","0.6","12.3","11.7","13.7","4.9","101.6","115.6"
"","Luguentz Dort","Okc","F","24.6","21","28.2","15.1","11.4","52","0.827","76","0.487","87","0.379","0.531","0.581","10.3","4.1","1.2","0.9","0.8","1","14.4","11.5","15.6","5.2","116.3","106.7"
"","Draymond Green","Gol","F","33.8","14","25.7","17","24.6","30","0.833","61","0.525","40","0.45","0.584","0.626","10.2","5.8","6.1","0.4","0.8","2.4","16","16.3","22.1","11.1","122.4","105.2"
"","Jalen Smith","Ind","F-C","23.7","14","15.4","19.3","16.6","27","0.741","54","0.722","21","0.667","0.8","0.806","10","5.5","0.9","0.4","0.3","1.1","15.5","10.9","16.4","9.5","139.4","107.5"
"","Isaiah Joe","Okc","G","24.4","22","20.3","17.5","5.9","27","0.852","32","0.438","127","0.441","0.616","0.641","10","2.3","1.1","0.9","0.3","0.5","12.2","11.1","13.4","5.8","124.4","111"
"","Scoot Henderson","Por","G","19.9","13","25.9","24.8","22.5","24","0.667","90","0.433","54","0.222","0.396","0.421","10","2.8","4.2","0.5","0.2","3.2","12.8","14.2","17","7.6","84.2","103.5"
"","Derrick Jones Jr.","Dal","F","26.8","22","23.4","15.9","11.2","33","0.727","66","0.652","93","0.387","0.61","0.628","9.9","3.8","1","0.6","0.9","0.9","13.7","10.9","14.6","5.7","120.9","112.5"
"","Daniel Gafford","Was","C","25.2","19","24.8","13.9","15.3","43","0.651","116","0.69","0","0","0.69","0.697","9.9","7.2","1.7","0.6","2.1","1.1","17.1","11.6","18.8","8","134.3","110.3"
"","Marvin Bagley III","Det","F","24.7","20","18.3","20.7","16.2","48","0.854","129","0.589","5","0.2","0.578","0.632","9.8","4.8","1.2","0.1","0.6","1.3","14.6","11","15.8","8.4","118.9","114.4"
"","Grant Williams","Dal","F","25","19","28.8","13.7","10.3","31","0.645","41","0.463","106","0.406","0.568","0.582","9.8","3.7","1.7","0.3","0.6","0.9","13.6","11.5","15.3","5.5","117.9","111.7"
"","Killian Hayes","Det","G","22.4","22","26.9","16.5","10.1","36","0.694","138","0.493","58","0.31","0.485","0.507","9.8","3","4.4","1.1","0.6","1","12.8","14.2","17.2","7.5","112","114.9"
"","Jaden McDaniels","Min","F","23.2","12","24","15.8","11.6","3","0.667","56","0.679","35","0.371","0.632","0.634","9.8","2.3","1.2","0.5","0.3","1","12","10.9","13.2","5","115.5","98.4"
"","Talen Horton-Tucker","Uta","G","23","23","21.7","22.2","17","34","0.853","122","0.434","88","0.33","0.46","0.493","9.7","2.7","4.2","0.9","0.5","1.9","12.3","13.9","16.6","8.8","103.9","112.6"
"","Sam Hauser","Bos","F","26","21","22.8","14.8","7.5","10","0.8","17","0.647","131","0.435","0.652","0.659","9.6","3.6","0.9","0.5","0.4","0.6","13.1","10.4","14","5.5","128.9","107.7"
"","Alex Caruso","Chi","G","29.8","20","23.5","15.4","17.7","31","0.774","56","0.625","69","0.464","0.664","0.685","9.5","3.4","2.3","1.3","0.8","1.4","12.9","11.8","15.2","7.2","125.9","109.6"
"","Wendell Carter Jr.","Orl","C","24.7","5","29.4","17","15","14","0.571","29","0.414","16","0.313","0.433","0.459","9.4","8.6","1.6","0.6","0.4","1.6","18","11","19.6","6.9","96.6","101.2"
"","Matt Ryan","Nor","F","26.7","13","22.9","15","16.1","14","0.929","15","0.4","68","0.471","0.651","0.679","9.3","2.3","1.1","0.4","0.1","1.2","11.6","10.4","12.7","5","116.8","111.4"
"","Kyle Lowry","Mia","G","37.7","22","29.6","13.5","16.5","27","0.815","49","0.449","107","0.421","0.574","0.599","9.1","4.1","4.3","1.2","0.3","1.4","13.3","13.5","17.6","7.3","119.6","107.1"
"","Dereck Lively II","Dal","C","19.8","20","25.7","12.2","18.3","27","0.593","109","0.761","2","0","0.748","0.741","9.1","8.1","1.3","0.6","1.6","1.3","17.2","10.4","18.5","7.1","136.7","104.1"
"","Kevin Love","Mia","F","35.3","17","18.4","18.9","7.5","33","0.848","30","0.6","80","0.363","0.559","0.606","8.9","6.5","2.5","0.2","0.1","0.5","15.4","11.4","17.9","11.4","130.3","102.4"
"","Walker Kessler","Uta","C","22.4","15","25.1","15","14.8","19","0.579","98","0.592","11","0.182","0.56","0.567","8.9","8.2","0.8","0.4","2.4","1.3","17.1","9.7","17.9","6.2","111.7","112.8"
"","Bilal Coulibaly","Was","G","19.4","21","26.6","13.8","19.6","35","0.629","75","0.613","60","0.4","0.607","0.618","8.9","4.1","1.8","1.1","0.7","1.6","13","10.7","14.8","6.1","107.7","118.8"
"","Derrick Rose","Mem","G","35.2","13","18.8","23","16.1","17","0.882","78","0.462","26","0.346","0.476","0.511","8.8","1.9","3.4","0.5","0.1","1.5","10.7","12.2","14.1","8.2","103.5","114.1"
"","Taurean Prince","Lal","F","29.7","21","30.3","12.7","8.9","18","0.722","69","0.507","95","0.358","0.524","0.538","8.8","2.5","1.4","0.8","0.4","0.8","11.3","10.2","12.7","4.1","104.6","108.1"
"","Patrick Williams","Chi","F","22.3","24","25.9","16","13.3","40","0.725","110","0.491","73","0.342","0.5","0.528","8.8","4.3","1.3","1","0.9","1.2","13.1","10.2","14.5","5.7","105.5","113.4"
"","Chris Paul","Gol","G","38.6","19","26.5","15","13","28","0.929","81","0.457","66","0.318","0.466","0.512","8.6","3.6","7.2","1.4","0.1","1.2","12.2","15.8","19.4","9.2","124.6","110.3"
"","Donte DiVincenzo","Nyk","G","26.9","22","20.3","17.6","13","19","0.684","44","0.409","110","0.427","0.575","0.585","8.6","2.9","1.9","0.8","0.3","1","11.5","10.5","13.4","7.1","117","108.5"
"","Trey Lyles","Sac","F","28.1","8","19.9","17.1","12.2","17","0.647","14","0.643","36","0.361","0.57","0.592","8.5","5.4","1.5","0","0.3","0.9","13.9","10","15.4","8.2","117.6","108.1"
"","Josh Hart","Nyk","G","28.8","22","28.6","12.2","12","17","0.706","88","0.557","65","0.4","0.575","0.586","8.5","6.1","3","1","0.3","1","14.7","11.5","17.6","7.5","124.1","107.5"
"","Moses Moody","Gol","G","21.5","22","19","17.1","8.8","32","0.75","72","0.611","72","0.347","0.566","0.591","8.5","3.5","1","0.8","0.3","0.6","12","9.5","13","6.5","120.9","109.4"
"","Christian Braun","Den","G","22.7","24","19.9","18","8.7","39","0.744","130","0.508","37","0.378","0.521","0.551","8.5","4","1.8","0.4","0.3","0.7","12.5","10.3","14.3","7.9","115.5","108.5"
"","Onyeka Okongwu","Atl","F-C","23","22","23.3","12.9","11.4","51","0.843","99","0.636","25","0.2","0.569","0.628","8.4","6.8","1.5","0.5","0.8","0.7","15.1","9.9","16.7","7.6","134.8","109.3"
"","David Roddy","Mem","F","22.7","22","24","16.3","10.9","21","0.667","98","0.531","73","0.301","0.497","0.51","8.4","4.3","1.1","0.7","0.4","1","12.6","9.5","13.7","5.7","101.6","111.7"
"","Georges Niang","Cle","F","30.5","23","22.5","16.5","7.8","13","0.923","73","0.479","103","0.35","0.506","0.523","8.3","4","1.3","0.3","0.1","0.7","12.2","9.5","13.5","6.2","106.6","104.5"
"","Luke Kennard","Mem","G","27.5","8","21.5","16.4","7.9","7","1","12","0.333","46","0.37","0.509","0.54","8.3","2.9","2","0.6","0.1","0.6","11.1","10.3","13.1","6.8","113.5","116.9"
"","Landry Shamet","Was","G","26.8","15","16.9","19","8.2","11","0.455","41","0.585","60","0.4","0.594","0.591","8.3","1.4","1.5","0.6","0.1","0.6","9.7","9.8","11.2","6.1","111.8","114.9"
"","Nick Richards","Cha","C","26","15","18.7","14.9","20.4","46","0.826","62","0.694","0","0","0.694","0.754","8.3","6.2","0.4","0.4","1.1","1.1","14.5","8.7","14.9","5.9","135.6","107.1"
"","Naji Marshall","Nor","F","25.9","15","20.2","16.9","17.9","33","0.848","47","0.489","40","0.425","0.557","0.616","8.3","4.7","2","0.7","0.3","1.3","13","10.3","15","8.5","118.8","108.7"
"","Bones Hyland","Lac","G","23.2","12","16.8","23.9","17.7","10","0.9","40","0.5","48","0.354","0.517","0.541","8.3","1.2","2","0.6","0","1.6","9.5","10.3","11.5","6.5","99.7","106.2"
"","Jae Crowder","Mil","F","33.4","9","26.7","10","7.8","12","0.583","16","0.563","31","0.516","0.702","0.698","8.1","3.9","1.7","0.8","0.3","0.4","12","9.8","13.7","5.7","138.3","114.1"
"","Royce O'Neale","Bro","F","30.5","21","28.6","12.3","10.7","12","0.583","25","0.28","125","0.4","0.547","0.551","8.1","5.4","3.3","0.8","0.8","0.9","13.5","11.5","16.9","7.3","120.5","107.2"
"","Cedi Osman","San","F","28.7","22","19.3","17","9.2","20","0.65","66","0.576","82","0.366","0.561","0.571","8.1","2.2","1.6","0.5","0.2","0.7","10.4","9.8","12","6.3","111.8","115.1"
"","Precious Achiuwa","Tor","F","24.2","17","18.2","21.2","16.6","27","0.593","86","0.512","34","0.324","0.504","0.519","8.1","6.1","2","0.6","0.4","1.4","14.2","10.1","16.2","10.2","105.5","104"
"","Malaki Branham","San","F","20.6","22","20.9","18.9","12.8","12","0.917","106","0.509","70","0.286","0.477","0.494","8.1","1.5","2.3","0.4","0.1","1.2","9.7","10.4","12","5.8","96.7","118.9"
"","Tre Jones","San","G","23.9","19","23.8","15.6","15.5","32","0.844","89","0.494","41","0.293","0.477","0.524","7.9","2.8","5.1","0.8","0.2","1.3","10.8","13","15.8","8.1","113.9","117.7"
"","Ziaire Williams","Mem","F","22.2","20","20","18.6","14","24","0.875","73","0.438","68","0.353","0.482","0.518","7.9","4","1.2","0.5","0.3","1.2","11.9","9.1","13.1","6.7","99.8","107.6"
"","Gary Harris","Orl","G","29.2","18","21.8","13.5","7.8","24","0.792","31","0.645","75","0.36","0.571","0.601","7.8","1.9","1.8","0.9","0.3","0.5","9.7","9.6","11.5","5.5","125.4","106.8"
"","Skylar Mays","Por","G","26.3","14","19.5","19.6","12.4","13","0.846","65","0.477","41","0.293","0.462","0.488","7.8","1.7","4.5","0.8","0.1","1.1","9.5","12.3","14","8","111","112.8"
"","Orlando Robinson","Mia","C","23.4","9","19.1","16","15.7","12","0.75","39","0.513","9","0.778","0.635","0.657","7.8","5.6","2.3","0.6","0.8","1","13.3","10.1","15.7","9.7","128.6","101.1"
"","Simone Fontecchio","Uta","F","28","21","19","16.6","13.6","14","0.786","42","0.571","91","0.385","0.575","0.589","7.8","2.4","1.2","0.3","0.6","1","10.2","9","11.4","5.9","112.2","117.2"
"","Al Horford","Bos","C-F","37.5","19","26.6","11.8","14.9","8","1","43","0.698","71","0.366","0.605","0.621","7.7","6.8","2.8","0.5","1","1.1","14.5","10.5","17.3","7.9","127.9","105.4"
"","Marcus Sasser","Det","G","23.2","22","17.4","18.2","9.8","9","1","77","0.519","69","0.391","0.551","0.567","7.7","1.8","2.7","0.6","0.1","0.7","9.5","10.5","12.3","7.7","117.3","114.3"
"","Duop Reath","Por","C","27.5","14","15.9","20.6","9.9","16","0.875","32","0.531","59","0.339","0.516","0.551","7.7","2.5","1.4","0.6","0.3","0.7","10.2","9.1","11.6","7.5","114.5","104.9"
"","Kelly Olynyk","Uta","F-C","32.6","21","20.9","14.3","28.8","37","0.892","59","0.644","37","0.459","0.661","0.713","7.6","5.5","3.6","0.8","0.2","1.9","13.1","11.2","16.7","10.2","125.6","106.9"
"","Cason Wallace","Okc","G","20.1","22","22.3","11.2","9.1","15","0.8","62","0.645","48","0.521","0.705","0.716","7.6","2.4","1.3","0.6","0.5","0.5","10","8.9","11.2","5.2","136.6","110.5"
"","Danilo Gallinari","Was","F","35.3","20","15.7","18.6","8.2","40","0.825","59","0.576","52","0.308","0.523","0.579","7.5","3.2","1.4","0.3","0.2","0.5","10.6","8.9","12","8.2","118.4","117.7"
"","T.J. McConnell","Ind","G","31.7","15","15.5","20.3","14.8","16","0.688","85","0.576","7","0.143","0.549","0.565","7.5","2.3","4.3","0.9","0.1","1.1","9.8","11.7","14.1","10.8","121.4","115.9"
"","Tari Eason","Hou","F","22.6","13","18.8","18.7","10.4","18","0.611","59","0.475","27","0.37","0.5","0.516","7.5","6.7","1.2","0.5","1.1","0.8","14.2","8.7","15.4","8.3","109.7","96.9"
"","Jabari Walker","Por","F","21.4","22","18.2","18.3","13.3","36","0.778","91","0.549","45","0.267","0.5","0.54","7.5","4.9","0.7","0.8","0.4","1","12.4","8.2","13.1","6.5","108.4","102.4"
"","Aaron Holiday","Hou","G","27.2","18","18.4","15.4","7.2","12","0.833","50","0.54","53","0.434","0.597","0.614","7.4","2","2","0.5","0.1","0.4","9.4","9.4","11.4","6.7","125.8","102.3"
"","Goga Bitadze","Orl","C-F","24.4","21","21","13","12","46","0.717","97","0.608","5","0.2","0.593","0.63","7.3","6","1.9","0.7","1.7","0.7","13.3","9.2","15.2","8.3","133.5","99"
"","Brandin Podziemski","Gol","G","20.8","16","19.2","16.4","14.1","18","0.667","58","0.466","39","0.436","0.541","0.558","7.3","4.4","2.3","0.5","0.1","1","11.8","9.6","14","8.7","115.2","107.7"
"","Kyle Anderson","Min","F-G","30.2","22","23.7","15.4","20.3","52","0.692","111","0.523","18","0.111","0.473","0.52","7.2","3.8","3.9","0.8","0.9","1.5","11","11.1","14.9","8","109.4","104.4"
"","Daniel Theis","Lac","F-C","31.7","11","17.3","19.2","8.7","10","0.5","60","0.467","13","0.462","0.507","0.51","7.2","4.5","1.1","0.4","1.1","0.6","11.6","8.3","12.7","7.6","111.8","99.4"
"","Craig Porter","Cle","G","23.8","14","14.3","21.3","16","26","0.692","66","0.561","7","0.429","0.568","0.598","7.2","1.9","2.4","0.6","0.4","1","9.1","9.6","11.5","9","116.7","107.3"
"","Cam Reddish","Lal","F-G","24.3","19","25.8","12","9.1","34","0.853","59","0.492","51","0.314","0.482","0.54","7.1","2.8","1.2","1.4","0.3","0.6","9.9","8.3","11.1","4.5","110.9","106.8"
"","Xavier Tillman","Mem","C","24.9","12","20.4","18.2","11.2","14","0.357","60","0.467","27","0.296","0.46","0.456","7.1","4.3","1.7","1.5","0.8","0.9","11.4","8.8","13.1","7.3","97.8","105.8"
"","Andrew Nembhard","Ind","G-F","23.9","17","18.1","18.6","16.1","9","0.667","77","0.558","37","0.243","0.496","0.504","7","1.7","4.1","0.9","0.1","1.3","8.7","11.1","12.8","8.1","109","114.6"
"","Nickeil Alexander-Walker","Min","F","25.3","22","23.9","14.4","15.5","15","0.6","48","0.521","93","0.344","0.518","0.525","7","2.1","2.6","0.9","0.7","1.2","9.1","9.7","11.8","5.6","105.4","103.5"
"","Jordan Nwora","Ind","F","25.3","5","14.6","23.9","16.9","4","0.75","19","0.526","15","0.267","0.471","0.489","7","3","1.2","0.8","0.2","1.4","10","8.2","11.2","8","95.5","112.4"
"","Jaden Hardy","Dal","G","21.4","18","12.4","26.5","11.7","27","0.667","61","0.443","52","0.346","0.478","0.504","7","1.7","1.5","0.3","0","0.8","8.7","8.5","10.2","8.4","103.6","111.2"
"","Nicolas Batum","Phi","G-F","35","13","25.8","8","10.1","11","0.636","12","0.833","41","0.512","0.783","0.778","6.9","4.1","2","0.5","0.7","0.5","11","8.9","13","6","153.8","110.5"
"","Christian Wood","Lal","F","28.2","22","19.7","16.7","19.6","45","0.689","66","0.591","53","0.264","0.504","0.544","6.9","5.9","0.9","0.2","0.5","1.3","12.7","7.7","13.6","6.7","99.4","102.6"
"","Quentin Grimes","Nyk","G","23.6","20","22.9","12.6","8.1","3","0.667","26","0.462","98","0.378","0.544","0.547","6.9","1.4","1.2","0.7","0","0.6","8.2","8.1","9.4","4","113.8","110.7"
"","Josh Green","Dal","G","23.1","18","25.2","12.4","13.5","17","0.529","46","0.5","63","0.365","0.528","0.532","6.9","2.9","2.4","0.9","0.2","0.9","9.8","9.3","12.2","5.8","109.9","112.6"
"","Day'Ron Sharpe","Bro","C","22.1","22","16","18.7","19.4","47","0.617","104","0.587","4","0","0.565","0.587","6.9","6.8","1","0.4","0.8","1.2","13.7","7.8","14.6","9","115.9","98.9"
"","Trendon Watford","Bro","F","23.1","15","14.3","20.5","17.6","16","0.938","65","0.569","14","0.357","0.563","0.604","6.9","3.7","1.8","0.5","0.2","1.1","10.7","8.7","12.5","10","118","99.7"
"","Dyson Daniels","Nor","G","20.7","24","25.2","14.1","15.4","30","0.667","92","0.511","67","0.254","0.456","0.479","6.9","4.6","3.1","1.5","0.4","1.2","11.5","10","14.6","7.3","103.7","107.4"
"","Robert Williams III","Por","C-F","26.2","6","19.8","13.2","21","9","0.778","26","0.654","0","0","0.654","0.684","6.8","6.3","0.8","1.2","1.2","1.2","13.2","7.7","14","6.6","121.6","98.2"
"","Doug McDermott","San","F","31.9","20","16.7","14.3","11.7","8","0.75","22","0.455","76","0.474","0.653","0.66","6.7","1.2","1.8","0.4","0.1","0.7","7.9","8.5","9.6","5.8","121.8","117.5"
"","Dennis Smith Jr.","Bro","G","26","13","17.6","18.2","13","14","0.857","58","0.466","22","0.318","0.469","0.505","6.7","3","3.5","0.8","0.2","0.9","9.7","10.2","13.2","9.4","116.1","104.5"
"","Drew Eubanks","Pho","F-C","26.9","21","17.8","15.6","19.8","30","0.833","95","0.579","2","1","0.598","0.64","6.7","4.5","1.4","0.2","1","1.1","11.2","8.1","12.6","7.8","120.2","105"
"","Toumani Camara","Por","F","23.6","22","25.9","13.5","14.2","29","0.69","78","0.487","67","0.254","0.438","0.466","6.7","4.7","1.2","0.9","0.6","1.1","11.4","7.9","12.5","5.2","99.9","107.2"
"","Cameron Payne","Mil","G","29.3","23","17.1","15.4","14.4","8","1","52","0.538","66","0.439","0.606","0.621","6.6","1.3","2.4","0.4","0.1","0.9","7.9","9","10.3","6.4","120","109.6"
"","Chris Boucher","Tor","F-C","30.9","21","14.4","18.5","8.7","40","0.825","64","0.5","41","0.341","0.505","0.567","6.6","3.9","0.4","0.3","0.5","0.5","10.5","7","10.9","6","118.3","103.9"
"","Kevin Knox II","Det","F","24.3","8","16.4","15.8","14.5","3","0.667","20","0.6","21","0.429","0.622","0.626","6.6","2.8","0.4","0.5","0.1","0.9","9.4","7","9.8","4.8","108.7","112.6"
"","Terance Mann","Lac","G-F","27.1","16","26.6","11.8","10.1","17","0.588","54","0.63","44","0.205","0.485","0.498","6.6","3.7","2.1","0.8","0.4","0.7","10.3","8.6","12.3","5.6","110.8","109.2"
"","Matisse Thybulle","Por","F","26.8","22","24","10.3","13.6","8","0.75","23","0.696","85","0.424","0.648","0.655","6.6","1.9","1.1","1.5","0.8","0.8","8.5","7.7","9.6","4","120.5","114.1"
"","Isaac Okoro","Cle","F","22.9","14","24.6","12.1","12.6","21","0.619","47","0.553","29","0.31","0.52","0.54","6.6","3.3","1.4","1","0.5","0.8","9.9","8","11.3","5.1","111.9","106.2"
"","Jose Alvarado","Nor","G","25.7","10","16.6","19.6","13.7","8","0.375","30","0.4","33","0.394","0.5","0.496","6.6","2.1","2.3","1.2","0.4","1","8.7","8.9","11","7.6","101.5","107.4"
"","Ben Simmons","Bro","G","27.4","6","31.8","11.7","29.3","4","0.25","36","0.528","0","0","0.528","0.516","6.5","10.8","6.7","0.5","0.8","2.5","17.3","13.2","24","9.8","113","106.7"
"","Haywood Highsmith","Mia","F","27","15","22.3","13.6","15.4","13","0.846","33","0.576","49","0.327","0.524","0.553","6.5","2.7","1.5","1.1","0.7","1","9.2","8","10.7","5.3","106","106.4"
"","Dante Exum","Dal","G","28.4","19","13.9","18.8","8.4","23","0.652","70","0.586","28","0.286","0.541","0.56","6.4","2.7","2.3","0.5","0.2","0.5","9.1","8.7","11.4","9.8","123.7","108.8"
"","Jonathan Isaac","Orl","F","26.2","16","13.4","20","11.2","29","0.793","41","0.634","38","0.237","0.5","0.556","6.4","4.4","0.3","0.9","1.1","0.6","10.8","6.7","11.1","6.1","112.8","97.1"
"","Josh Okogie","Pho","F","25.3","22","21.8","13.4","15.4","58","0.776","57","0.544","47","0.234","0.457","0.54","6.4","3.5","1.1","1","0.5","0.9","9.8","7.5","11","5.3","115.7","112.4"
"","Jaylen Nowell","Mem","G","24.4","8","18.5","16.6","7.1","3","1","31","0.581","21","0.19","0.462","0.478","6.4","1.8","1.9","0.4","0","0.5","8.1","8.3","10","6","104.3","112"
"","Jordan Goodwin","Pho","G","25.1","22","17.1","18","12.1","18","0.833","70","0.443","60","0.35","0.481","0.508","6.4","3.9","2.2","0.7","0.3","0.8","10.3","8.5","12.5","8.9","112.5","109.2"
"","Jeff Green","Hou","F","37.3","19","15.4","14.8","12.8","47","0.809","44","0.636","24","0.333","0.588","0.665","6.2","2.3","0.6","0.2","0.4","0.5","8.5","6.8","9.2","5.3","131.2","105"
"","Mitchell Robinson","Nyk","C","25.7","21","29.2","9.4","18.3","38","0.368","98","0.592","0","0","0.592","0.567","6.2","10.3","0.7","1.5","1.3","1","16.5","6.9","17.2","4.9","122.5","107"
"","Ochai Agbaji","Uta","G","23.6","23","20.5","12.2","12.6","8","0.75","46","0.543","72","0.403","0.581","0.588","6.2","2.4","1","0.7","0.6","0.7","8.7","7.3","9.7","4.8","114.6","117.2"
"","Sasha Vezenkov","Sac","F","28.4","18","14.2","17.3","6.9","8","0.75","35","0.543","59","0.373","0.553","0.564","6.1","2.5","0.3","0.5","0.3","0.4","8.6","6.4","8.9","4.7","111.1","109"
"","Shake Milton","Min","G-F","27.2","22","16.5","19.1","16.3","41","0.829","74","0.459","44","0.25","0.428","0.496","6.1","1.9","1.6","0.6","0.1","1","8","7.7","9.6","6.4","99.3","101.1"
"","Payton Pritchard","Bos","G","25.9","21","20.4","14.2","8.1","13","0.769","45","0.489","79","0.316","0.48","0.497","6.1","3.1","2.9","0.3","0","0.5","9.3","9","12.1","7.4","119.2","110"
"","Ayo Dosunmu","Chi","G","23.9","22","18.6","14.6","13.1","18","0.778","62","0.565","50","0.34","0.54","0.563","6.1","1.6","1.7","0.7","0.1","0.8","7.8","7.8","9.5","5.5","112.2","113.2"
"","Isaiah Livers","Det","F","25.4","9","20.3","15.8","15.3","9","0.778","16","0.375","39","0.308","0.436","0.466","6.1","2","1.3","0.3","0","1.1","8.1","7.4","9.4","5","92.7","116.1"
"","Andre Drummond","Chi","C","30.3","24","13.2","22.9","17.5","53","0.585","117","0.487","1","0","0.483","0.513","6","7","0.6","1","0.3","1","13.1","6.7","13.7","8.9","109.5","98.3"
"","Gabe Vincent","Lal","G","27.5","4","28.4","11.7","6.6","2","0.5","14","0.714","14","0.071","0.411","0.416","6","1","3","1.5","0","0.5","7","9","10","3.7","98.6","106.6"
"","Bismack Biyombo","Mem","C","31.3","17","24.3","10.9","22.8","30","0.6","71","0.577","0","0","0.577","0.594","5.9","6.7","2.1","0.4","1.2","1.2","12.6","7.9","14.6","7.2","118.3","104.9"
"","Gary Payton II","Gol","G","31","14","17.3","14.5","11.2","9","0.667","43","0.581","28","0.321","0.542","0.554","5.9","3.1","0.9","1.2","0.3","0.6","9.1","6.9","10","5.9","112.4","104.4"
"","Torrey Craig","Chi","F","33","24","21.5","12.1","10.3","19","0.789","55","0.473","66","0.379","0.525","0.549","5.9","5","1.1","0.6","0.4","0.6","10.9","7","12","5.9","119.3","106.9"
"","Pat Connaughton","Mil","G","30.9","18","23.1","11.2","13.4","12","0.667","31","0.581","59","0.339","0.533","0.546","5.8","3.5","2","0.5","0.2","0.8","9.3","7.8","11.3","6","113.7","116"
"","Harry Giles III","Bro","F-C","25.6","4","5.3","33.7","6.6","4","0.5","10","0.9","4","0.25","0.75","0.73","5.8","1","0","0","0.3","0.3","6.8","5.8","6.8","0","124.5","106"
"","Troy Brown Jr.","Min","G-F","24.4","18","16.1","14.4","10.3","20","0.85","25","0.6","53","0.358","0.558","0.599","5.8","2.9","1","0.3","0.1","0.5","8.7","6.8","9.7","6.4","121.9","105.2"
"","Isaiah Jackson","Ind","F","21.9","13","14.8","13.5","11.3","24","0.708","46","0.63","1","0","0.617","0.651","5.8","4.3","0.8","0.5","1.5","0.5","10.1","6.5","10.8","7.3","135.4","102.8"
"","Robert Covington","Phi","F","33","18","16.9","12","8.9","21","0.905","30","0.533","41","0.415","0.585","0.636","5.7","3.7","0.6","1.3","0.7","0.4","9.3","6.3","9.9","5.5","134.8","103.1"
"","Kevon Looney","Gol","C","27.8","22","22.5","10.5","18.9","32","0.688","90","0.578","0","0","0.578","0.605","5.7","8.4","2.6","0.7","0.3","1","14.1","8.4","16.8","8.9","130.3","101.7"
"","Keita Bates-Diop","Pho","F","27.9","19","18.7","13.6","4.1","32","0.719","57","0.491","36","0.278","0.462","0.509","5.7","3.3","0.9","0.6","0.8","0.2","9.1","6.7","10","5.5","118.4","112.7"
"","Isaiah Hartenstein","Nyk","C-F","25.6","22","18","13","17.9","36","0.667","84","0.571","3","0.333","0.569","0.598","5.6","5.7","1.3","1","0.6","0.9","11.3","6.9","12.5","7.7","125","97.2"
"","Malachi Flynn","Tor","G","25.6","23","16.1","15.4","17.9","18","0.778","45","0.556","60","0.35","0.538","0.562","5.5","2","2.3","0.7","0.2","1","7.5","7.8","9.8","7.3","110.3","109.4"
"","Julian Champagnie","San","F","22.5","15","14.1","18.4","14.7","11","0.727","21","0.333","54","0.37","0.493","0.514","5.5","1.7","0.9","0.4","0.7","0.9","7.2","6.3","8.1","5.8","94.9","116.3"
"","Julian Strawther","Den","G","21.7","21","13","18.5","5.3","10","0.7","35","0.486","72","0.347","0.509","0.521","5.5","1.1","1","0.5","0.2","0.3","6.7","6.6","7.7","5.6","108.6","105.6"
"","Jae'Sean Tate","Hou","F","28.1","19","17.5","12.2","9.1","10","0.8","45","0.622","35","0.371","0.594","0.61","5.4","3.4","1.1","0.9","0.3","0.4","8.8","6.5","9.9","6.2","124.5","94.7"
"","Amen Thompson","Hou","G-F","20.9","5","15.4","19.1","19.8","8","0.625","12","0.667","12","0.167","0.458","0.491","5.4","3.2","1.4","0.4","0.2","1.2","8.6","6.8","10","7.5","94.4","96.9"
"","DeAndre Jordan","Den","C","35.4","8","13.7","18.5","21","21","0.286","30","0.6","0","0","0.6","0.535","5.3","4.5","1.1","0.4","0.3","1","9.8","6.4","10.9","8.7","103.2","103.8"
"","Marcus Morris Sr.","Phi","F","34.3","15","12.5","15.4","7.4","5","1","34","0.471","28","0.5","0.597","0.615","5.3","2.2","0.5","0.3","0.4","0.3","7.5","5.8","8","5.8","123.2","103.1"
"","Kenrich Williams","Okc","G-F","29","12","15.1","13","6","10","0.3","25","0.6","22","0.455","0.638","0.613","5.3","2.8","1.5","0.4","0.2","0.3","8","6.8","9.5","7.5","130.9","103.4"
"","Yuta Watanabe","Pho","G-F","29.2","16","18.3","13.7","14.9","13","0.692","14","0.357","60","0.367","0.514","0.533","5.3","2.3","0.6","0.4","0.4","0.8","7.6","5.9","8.1","4.2","101.5","111"
"","Cole Swider","Mia","F","24.6","3","9.5","23.2","6.7","0","0","3","0.667","11","0.364","0.571","0.571","5.3","0.3","1","0.3","0.3","0.3","5.7","6.3","6.7","4.9","111","115.8"
"","Jevon Carter","Chi","G","28.2","24","14.1","18","10.8","1","0","49","0.449","75","0.36","0.504","0.502","5.2","0.7","1.2","0.5","0.3","0.6","5.9","6.4","7.1","4.6","100.4","114.8"
"","Nassir Little","Pho","F-G","23.8","16","14.3","13.8","9","16","0.875","27","0.667","33","0.333","0.575","0.619","5.2","2.1","0.7","0.6","0.5","0.4","7.3","5.9","8","5.5","125.5","109.5"
"","MarJon Beauchamp","Mil","F","23.2","19","16.2","13.4","12.2","16","0.563","42","0.5","37","0.432","0.57","0.575","5.2","2.4","0.9","0.3","0.2","0.6","7.6","6.1","8.5","5.5","114.5","110.6"
"","Joe Ingles","Orl","F-G","36.2","23","18.7","11.9","17.6","19","0.895","34","0.412","59","0.407","0.538","0.577","5.1","2.8","3.5","0.7","0.1","0.9","7.9","8.6","11.3","7.9","122.6","103.5"
"","Aaron Wiggins","Okc","G","24.9","20","12.1","14.7","13.6","21","0.714","40","0.675","23","0.478","0.69","0.706","5.1","2.1","0.7","0.5","0.1","0.5","7.2","5.8","7.9","6.5","131.3","107.4"
"","Eugene Omoruyi","Was","F","26.8","13","6.2","28.2","16.9","17","0.765","27","0.704","12","0.417","0.679","0.71","5.1","1.7","0.6","0.5","0.1","0.6","6.8","5.7","7.4","11.2","126.5","107.5"
"","Mason Plumlee","Lac","F-C","33.8","6","17","12.8","20.7","14","0.429","19","0.632","0","0","0.632","0.596","5","5.5","1","0.7","0.2","0.8","10.5","6","11.5","7.1","114.8","105.4"
"","Delon Wright","Was","G","31.6","8","17.7","12.2","11.6","16","0.875","19","0.368","11","0.364","0.433","0.54","5","2.5","4.4","1.6","0.1","0.5","7.5","9.4","11.9","8.6","130.7","119.1"
"","Paul Reed","Phi","F","24.5","22","14","14.5","18.4","9","0.667","74","0.622","10","0.4","0.619","0.625","5","4.3","1","0.5","0.6","0.9","9.3","6","10.3","7.9","121.3","99.6"
"","Kenyon Martin Jr.","Lac","F","22.9","2","0","0","0","2","0.5","5","0.6","5","0.2","0.45","0.46","5","1.5","0.5","1","0.5","0","6.5","5.5","7","0","0","0"
"","James Bouknight","Cha","G","23.2","1","0","0","0","0","0","1","1","2","0.5","0.833","0.833","5","1","0","0","0","0","6","5","6","0","0","0"
"","Stanley Umude","Det","G","24.7","15","10.3","17.3","18.4","23","0.913","17","0.353","27","0.519","0.614","0.693","5","1.9","0.5","0.3","0.3","0.7","6.9","5.5","7.4","6.5","123.1","105"
"","Max Christie","Lal","G","20.8","18","18.7","12.8","12.7","14","0.714","44","0.5","38","0.316","0.488","0.51","5","2.7","1","0.4","0.2","0.7","7.7","6","8.7","5.1","98","105.3"
"","Patrick Beverley","Phi","G","35.4","22","18","12.2","14.9","18","0.722","43","0.581","48","0.313","0.522","0.546","4.9","3.1","2.5","0.5","0.3","0.7","8","7.4","10.5","7.5","120.8","106.8"
"","James Wiseman","Det","C","22.7","13","11.4","16.9","21","17","0.588","40","0.675","1","0","0.659","0.66","4.9","3.2","0.4","0.2","0.6","0.8","8.2","5.3","8.5","6.5","113.8","103.5"
"","Vince Williams Jr.","Mem","G","23.3","14","15.6","11.8","15","17","0.882","9","0.778","36","0.361","0.589","0.648","4.9","3.6","1.1","0.3","0.5","0.6","8.5","6","9.6","6.9","126.7","102.8"
"","JaVale McGee","Sac","C-F","35.9","19","9.2","21.2","22.7","19","0.579","60","0.667","1","0","0.656","0.656","4.8","3.5","0.5","0.3","0.6","0.9","8.3","5.3","8.7","8.8","113.2","101.8"
"","Tre Mann","Okc","G","22.9","8","10.6","20.1","17.7","1","1","19","0.579","13","0.385","0.578","0.586","4.8","2.1","1.5","0.4","0","0.9","6.9","6.3","8.4","9.3","109","111.7"
"","Taylor Hendricks","Uta","F","20.1","5","16.5","13.2","11.9","3","0.667","8","0.625","14","0.286","0.5","0.515","4.8","1.4","0.4","0.8","0.8","0.6","6.2","5.2","6.6","3.4","100.5","116.7"
"","Anthony Black","Orl","G","19.9","21","19.2","11.6","20.9","25","0.64","53","0.604","26","0.269","0.538","0.561","4.8","2.2","1.4","0.4","0.4","1","7","6.2","8.5","5.1","104.8","103.1"
"","Seth Curry","Dal","G","33.3","18","12.2","16.2","6.2","9","0.889","33","0.424","42","0.381","0.507","0.532","4.7","1.5","1","0.6","0.1","0.3","6.2","5.7","7.2","6.3","116.5","112.7"
"","Thomas Bryant","Mia","C-F","26.4","14","12.3","18.7","18.1","15","0.8","51","0.529","3","0","0.5","0.545","4.7","3.6","0.6","0.4","0.3","0.9","8.4","5.4","9","7","103.8","103.8"
"","Omer Yurtseven","Uta","C","25.5","16","12.5","16.6","22","8","0.75","47","0.638","13","0.231","0.575","0.59","4.7","5","0.8","0.2","0.5","1.1","9.7","5.4","10.4","8.5","106.9","105.5"
"","Peyton Watson","Den","G","21.3","22","15.8","13.7","13","25","0.64","65","0.585","22","0.182","0.506","0.531","4.7","2","0.9","0.5","1","0.6","6.8","5.6","7.6","5.2","105.2","108.7"
"","Justin Holiday","Den","F-G","34.7","13","13.8","10","7.1","0","0","12","0.75","27","0.519","0.769","0.769","4.6","1.6","1.2","0.5","0","0.2","6.2","5.8","7.4","6","147.3","109.1"
"","A.J. Lawson","Dal","G","23.4","5","10","21.7","4.1","4","0.5","9","0.667","14","0.214","0.457","0.464","4.6","0.8","0.6","0","0.2","0.2","5.4","5.2","6","5.2","101.5","119.2"
"","Davis Bertans","Okc","F","31.1","8","8.2","16.1","0","15","0.933","1","0","17","0.412","0.583","0.711","4.4","0.6","0.8","0.3","0.3","0","5","5.1","5.8","6.3","156.3","104.1"
"","Danuel House Jr.","Phi","F-G","30.5","11","12.4","15.1","20.3","12","0.75","15","0.6","20","0.35","0.557","0.596","4.4","1.4","0.8","0.5","0.1","0.8","5.7","5.2","6.5","5.5","108.7","110.8"
"","Luke Kornet","Bos","C-F","28.4","16","13.2","10.3","12.9","10","0.8","40","0.775","0","0","0.775","0.788","4.4","3.3","0.6","0.5","0.8","0.4","7.6","5","8.3","6.2","153.2","103.2"
"","Davion Mitchell","Sac","G","25.3","16","15","15.3","15.6","9","1","28","0.464","42","0.286","0.443","0.48","4.4","1.1","2.4","0.3","0.1","0.8","5.6","6.8","7.9","6","104","111"
"","Dru Smith","Mia","G","26","9","14.5","13.1","13","2","1","16","0.5","17","0.412","0.561","0.576","4.3","1.6","1.6","1","0.3","0.6","5.9","5.9","7.4","6.1","118.2","106.7"
"","Bryce McGowens","Cha","G","21.1","16","15.6","11.2","14.9","12","0.75","19","0.474","32","0.438","0.588","0.613","4.3","1.7","0.9","0.4","0.1","0.6","6","5.2","6.9","4.8","115.6","116.7"
"","Dwight Powell","Dal","F-C","32.4","20","14.2","9.1","20.3","40","0.8","34","0.706","1","1","0.729","0.789","4.2","3","1.5","0.5","0.4","0.5","7.1","5.7","8.6","7.5","158.8","105"
"","Theo Maledon","Cha","G","22.5","13","15.4","18.4","18.4","12","0.917","36","0.389","30","0.167","0.326","0.379","4.2","1.8","2.2","0.5","0","1.2","5.9","6.3","8.1","6.6","84.5","116.2"
"","Jeremiah Robinson-Earl","Nor","F","23.1","9","11.6","14.5","17.9","6","1","16","0.438","11","0.545","0.593","0.641","4.2","2.7","0.7","0.2","0","0.7","6.9","4.9","7.6","6.9","119.1","108.6"
"","Chris Duarte","Sac","G","26.5","19","13.7","14.5","13.2","14","0.714","29","0.483","43","0.326","0.486","0.512","4.2","1.8","0.9","0.6","0.1","0.6","6","5.1","6.9","5.5","101.2","99"
"","Jaylin Williams","Okc","F","21.5","17","12.7","15.4","11","12","0.917","26","0.423","38","0.342","0.477","0.52","4.2","3.3","1.4","0.4","0.1","0.5","7.5","5.6","8.9","8.5","112.5","100"
"","Ousmane Dieng","Okc","F","20.6","13","11.5","15.2","10.1","8","0.75","14","0.643","30","0.333","0.545","0.568","4.2","1.9","1.1","0.1","0","0.4","6.1","5.2","7.2","7.2","118.3","111.8"
"","Neemias Queta","Bos","C","24.4","3","10.2","20.1","16.2","5","0.8","10","0.4","0","0","0.4","0.492","4","5.7","0","0.3","0","0.7","9.7","4","9.7","0","114.2","101.8"
"","Ryan Rollins","Was","G","21.4","8","6.1","27.5","27.6","16","0.813","16","0.5","2","0.5","0.528","0.639","4","1.3","1.3","1","0.3","0.9","5.3","5.3","6.5","12.4","114.2","105.5"
"","Cam Whitmore","Hou","F","19.4","5","6.4","29.5","11.6","10","0.5","10","0.6","5","0.2","0.5","0.515","4","1.6","0.4","0.2","0","0.4","5.6","4.4","6","8.5","100.1","102.7"
"","Nick Smith Jr.","Cha","G","19.6","8","7.2","20.1","7.4","0","0","13","0.308","12","0.667","0.64","0.64","4","0.6","0.3","0.1","0.3","0.3","4.6","4.3","4.9","5","119.8","118.7"
"","Kris Dunn","Uta","G","29.7","15","11.8","17.7","21","10","0.6","42","0.452","14","0.357","0.473","0.488","3.9","2.2","2.3","0.5","0.1","1","6.1","6.2","8.4","9.2","102.5","109.4"
"","Dean Wade","Cle","F","27.1","16","20.8","8.7","12.5","6","0.5","6","0.667","50","0.34","0.527","0.529","3.9","4.4","0.7","1.1","0.2","0.5","8.3","4.6","8.9","4.4","112","102.8"
"","Gradey Dick","Tor","G","20.1","16","14.1","15.4","15.7","14","1","23","0.348","41","0.244","0.359","0.428","3.8","1.4","0.9","0.3","0","0.8","5.1","4.7","6.1","4.8","90.5","109.1"
"","Mo Bamba","Phi","C","25.6","11","6.4","25.3","18.3","10","0.8","23","0.522","8","0.375","0.532","0.579","3.7","2.7","0.3","0.1","0.8","0.6","6.5","4","6.7","9","115.6","102.4"
"","Zeke Nnaji","Den","F-C","22.9","20","10.6","15.6","17.1","29","0.621","45","0.511","8","0.375","0.519","0.555","3.7","2.4","0.5","0.2","0.6","0.6","6","4.1","6.5","6.2","112.9","104.7"
"","Jared Butler","Was","G","23.3","10","8.2","21.1","21.4","10","0.8","17","0.588","12","0.25","0.5","0.554","3.7","0.7","1.7","0.6","0.1","0.8","4.4","5.4","6.1","8","104.6","108.9"
"","Keon Ellis","Sac","G","23.9","14","11.6","14.2","16.2","13","0.615","8","0.875","33","0.303","0.537","0.557","3.7","1.4","0.9","0.6","0.3","0.6","5.1","4.6","5.9","5.8","107.1","108.2"
"","JT Thor","Cha","F","21.3","18","16","10.3","5.9","4","0","29","0.483","35","0.343","0.5","0.487","3.6","2.7","0.6","0.3","0.3","0.2","6.3","4.1","6.8","4.5","108.2","118.3"
"","Mike Muscala","Was","F-C","32.4","10","12.3","13.8","21.4","8","0.75","12","0.583","17","0.294","0.5","0.538","3.5","2.3","0.9","0.2","0.3","0.8","5.8","4.4","6.7","6.3","99.6","117.1"
"","Larry Nance Jr.","Nor","F-C","30.9","14","15.1","11.8","23.5","8","0.5","31","0.581","11","0.273","0.536","0.538","3.5","4.1","0.7","0.6","0.3","0.9","7.6","4.2","8.4","5.7","101.3","105.7"
"","Luka Samanic","Uta","F","23.9","11","7.2","24","13.2","2","1","22","0.545","17","0.235","0.462","0.476","3.5","2.2","0.3","0.1","0.2","0.5","5.6","3.7","5.9","7.3","90.6","110"
"","John Konchar","Mem","G","27.7","18","18.2","9.4","11.4","6","0.667","24","0.417","38","0.342","0.476","0.487","3.5","4.2","1.4","0.7","0.7","0.4","7.7","4.9","9.1","6","112.4","110.4"
"","Nikola Jovic","Mia","F","20.5","4","12.1","17.1","28.9","4","0.75","5","0.2","7","0.429","0.458","0.509","3.5","5.8","2.3","0.3","0","1.3","9.3","5.8","11.5","11.9","97.2","89"
"","AJ Green","Mil","G","24.2","15","8.2","14.3","0","1","1","6","0.5","35","0.429","0.622","0.627","3.5","0.9","0.8","0","0","0","4.4","4.3","5.2","6.6","138.3","114.2"
"","Maxi Kleber","Dal","C","31.9","5","18.1","11.4","19.7","10","0.6","7","0.143","9","0.333","0.344","0.417","3.4","4.2","2","0.2","0.2","0.8","7.6","5.4","9.6","6.8","100.7","108.9"
"","Jaden Springer","Phi","G","21.2","12","11.4","18.3","23.5","10","0.8","29","0.414","13","0.231","0.393","0.442","3.4","1.8","0.8","0.6","0.5","1.1","5.3","4.3","6.1","6","90","101.6"
"","Jake LaRavia","Mem","F","22.1","5","12.2","16","9","2","0.5","8","0.625","12","0.167","0.4","0.407","3.4","1.6","0.4","0.2","0","0.4","5","3.8","5.4","4.2","87.2","106.1"
"","Jacob Gilyard","Mem","G","25.4","16","14.7","9.7","15","1","1","5","0.6","40","0.4","0.6","0.605","3.4","1.1","2.8","0.6","0.1","0.5","4.6","6.3","7.4","6","131.7","113.1"
"","Jarace Walker","Ind","F","20.3","5","8.4","19.9","5.1","3","1","13","0.538","5","0","0.389","0.44","3.4","1.6","1.2","0.4","0.4","0.2","5","4.6","6.2","8.9","104.2","112.9"
"","Boban Marjanovic","Hou","C","35.3","3","6.7","20.5","0","1","0","8","0.625","1","0","0.556","0.53","3.3","2.7","1","0","0.3","0","6","4.3","7","12.4","125.5","98"
"","Charles Bassey","San","C-F","23.1","19","10.8","11.8","27.1","6","0.833","39","0.744","1","0","0.725","0.739","3.3","4","1.1","0.4","0.9","0.8","7.3","4.4","8.4","9","124.8","102"
"","Kira Lewis Jr.","Nor","G","22.7","12","10.7","18.6","11.5","9","0.889","30","0.433","16","0.125","0.348","0.4","3.3","0.8","1.5","0.4","0.1","0.5","4.2","4.8","5.7","5.9","92.8","112.9"
"","Sam Merrill","Cle","G","27.6","12","8.5","16.6","7.7","0","0","5","0","31","0.419","0.542","0.542","3.3","1","0.7","0.2","0","0.3","4.3","3.9","4.9","6.2","113.5","107.5"
"","Jamal Cain","Mia","F","24.7","6","12.7","12.3","10.4","5","0.4","8","0.75","9","0.222","0.529","0.521","3.3","1.5","0","0.7","0","0.3","4.8","3.3","4.8","0","99.5","110.2"
"","Nate Williams","Hou","G","24.8","4","5.4","24.1","0","2","0.5","9","0.667","2","0","0.545","0.547","3.3","0","0.5","0.3","0","0","3.3","3.8","3.8","0","115.7","105.2"
"","Ish Smith","Cha","G","35.4","15","15.6","10.8","33.9","0","0","36","0.583","3","0.667","0.615","0.615","3.2","1.6","2.5","0.4","0.1","1.3","4.8","5.7","7.3","6","103","119.9"
"","Markieff Morris","Dal","F","34.3","6","9.4","20.3","18.5","0","0","8","0.25","14","0.357","0.432","0.432","3.2","1.5","0.7","0.3","0.2","0.8","4.7","3.8","5.3","6.4","84.5","111.9"
"","Vasilije Micic","Okc","G","29.9","9","12.7","15.7","25.4","6","0.667","12","0.417","17","0.294","0.431","0.458","3.2","0.6","3","0.2","0","1.1","3.8","6.2","6.8","5.6","97.5","115.4"
"","Chimezie Metu","Pho","F-C","26.7","12","8.5","15.7","8.7","6","0.833","18","0.667","13","0.231","0.532","0.565","3.2","1.6","0.4","0.3","0.4","0.3","4.8","3.6","5.2","6","113.7","102.2"
"","Armoni Brooks","Bro","G","25.5","6","8.2","16.4","5.3","0","0","5","0.4","13","0.385","0.528","0.528","3.2","1.7","0.2","0","0","0.2","4.8","3.3","5","5","109.8","117.8"
"","Jaxson Hayes","Lal","C-F","23.6","20","11.5","11.6","26.8","22","0.545","34","0.735","4","0","0.658","0.65","3.1","1.7","0.4","0.3","0.5","0.7","4.8","3.5","5.2","4.5","104.8","97"
"","Johnny Davis","Was","G","21.8","14","9.1","15.5","11","5","0.8","37","0.486","3","0.333","0.488","0.509","3.1","1.4","0.4","0.5","0.1","0.4","4.4","3.4","4.8","5.3","102.5","118.2"
"","Patty Mills","Atl","G","35.3","2","0","0","0","0","0","2","0","4","0.5","0.5","0.5","3","1","1","0.5","0.5","0","4","4","5","0","0","0"
"","Robert Covington","Lac","F","33","3","23.1","6.2","0","2","0.5","1","1","8","0.25","0.444","0.455","3","2.7","2.3","2","0.7","0","5.7","5.3","8","4.6","129.7","103.3"
"","Joe Harris","Det","G-F","32.3","8","12.7","12","10.3","0","0","7","0.429","19","0.316","0.462","0.462","3","0.9","0.8","0.3","0.1","0.4","3.9","3.8","4.6","4.1","97","112.6"
"","Moses Brown","Por","C","24.2","4","7.5","19.5","7.7","2","0","12","0.5","0","0","0.5","0.466","3","4.3","0.3","0.3","0.3","0.3","7.3","3.3","7.5","8.4","109.8","105.9"
"","Caleb Houstan","Orl","G","20.9","14","9.4","10.8","9.2","4","1","2","0.5","27","0.444","0.655","0.683","3","1.4","0.4","0.1","0","0.2","4.4","3.4","4.9","5.1","132.2","105.2"
"","Moussa Diabate","Lac","F","21.9","9","6.1","19.9","9.8","12","0.75","18","0.5","0","0","0.5","0.58","3","2.2","0.4","0.4","0","0.2","5.2","3.4","5.7","9.1","136.2","107.1"
"","Trayce Jackson-Davis","Gol","F","23.8","13","7.9","15.8","21.2","25","0.6","22","0.545","0","0","0.545","0.591","3","1.8","0.5","0.2","0.5","0.5","4.8","3.5","5.2","7.1","117.2","99.9"
"","Lindy Waters III","Okc","F","26.4","9","7.8","13.6","0","0","0","1","1","21","0.381","0.591","0.591","2.9","0.7","0.7","0","0.1","0","3.6","3.6","4.2","5.8","129.6","111.4"
"","Dalano Banton","Bos","F","24.1","11","8.3","16.4","15.4","6","0.833","20","0.6","7","0.143","0.5","0.54","2.9","2.3","0.5","0.2","0.2","0.5","5.2","3.4","5.6","7.2","112.8","99"
"","Colby Jones","Sac","G","21.5","10","7.1","19.8","12.4","3","0.667","20","0.6","8","0.125","0.482","0.495","2.9","1.4","0.2","0.2","0.1","0.4","4.3","3.1","4.5","5.3","97.9","104.6"
"","Tristan Thompson","Cle","C-F","32.8","18","10.2","11.5","21.9","17","0.412","32","0.688","0","0","0.688","0.646","2.8","3.1","0.7","0.1","0.4","0.5","5.9","3.6","6.7","7.2","125.1","106.4"
"","Richaun Holmes","Dal","F","30.2","11","10.5","13.6","21.8","12","0.417","25","0.52","0","0","0.52","0.512","2.8","3.5","0.5","0.1","0.5","0.6","6.4","3.3","6.8","6.5","107","102.1"
"","Dereon Seabron","Nor","G","23.5","5","10.5","12.7","0","6","0.833","11","0.273","2","0.5","0.346","0.448","2.8","1.4","0.8","0.4","0.2","0","4.2","3.6","5","5.6","111.7","109.7"
"","Jalen Hood-Schifino","Lal","G","20.5","5","10.6","21.6","18","10","0.5","10","0.3","8","0.125","0.25","0.313","2.8","1.2","0.8","0","0.2","0.8","4","3.6","4.8","5.2","66.4","102.7"
"","Olivier-Maxence Prosper","Dal","F","21.4","12","9.2","13.5","3.4","14","0.643","9","0.556","19","0.263","0.446","0.498","2.8","1.7","0.7","0.1","0.1","0.1","4.5","3.5","5.2","6.5","117.4","112"
"","Ben Sheppard","Ind","G","22.4","9","6.6","16.5","4.3","2","1","7","0.571","15","0.333","0.523","0.546","2.8","0.6","0.6","0.1","0","0.1","3.3","3.3","3.9","6.1","116.8","116.9"
"","Nicolas Batum","Lac","G-F","35","3","18","7.2","11.1","0","0","1","1","7","0.286","0.5","0.5","2.7","2.3","1.7","1","1.3","0.3","5","4.3","6.7","4.9","112.4","104.5"
"","Devonte' Graham","San","G","28.8","3","11.9","13.2","21.4","5","0.8","3","0.667","4","0","0.286","0.435","2.7","0.7","3.7","0.7","0.3","0.7","3.3","6.3","7","6.4","114","118.2"
"","Anthony Gill","Was","F","31.2","13","6.4","20.9","25.5","14","0.786","22","0.545","4","0","0.462","0.544","2.7","1.5","0.4","0.2","0.3","0.7","4.2","3.1","4.6","7.3","99.4","115.3"
"","Luka Garza","Min","C","25","5","3.2","42.2","8.1","8","0.625","9","0.444","2","0","0.364","0.448","2.6","1.2","0.2","0","0","0.2","3.8","2.8","4","10.7","0","0"
"","Jared Rhoden","Det","G","24.3","5","5.9","16.8","17.5","2","1","5","0.8","4","0.25","0.611","0.658","2.6","0.8","0.6","0","0","0.4","3.4","3.2","4","7.3","119.2","110.5"
"","Kenneth Lofton Jr.","Mem","F","21.3","15","6.6","21.4","13.9","15","0.533","27","0.407","10","0.3","0.419","0.447","2.6","1","0.9","0.2","0.2","0.4","3.6","3.5","4.5","8","95.4","101.1"
"","Wesley Matthews","Atl","G","37.2","12","11.2","11.1","13.2","15","0.733","4","0.5","22","0.227","0.365","0.46","2.5","1.3","0.7","0.5","0.1","0.3","3.8","3.2","4.5","4.7","103.9","112.1"
"","Alex Len","Sac","C","30.5","6","6.8","13.5","19.6","7","0.429","7","0.857","1","0","0.75","0.677","2.5","2.7","0.8","0.2","0.8","0.3","5.2","3.3","6","10.3","139.1","111.9"
"","Otto Porter Jr.","Tor","F","30.5","11","11.9","9.2","7","1","1","7","0.429","19","0.368","0.519","0.53","2.5","2.2","0.3","0.4","0.4","0.2","4.7","2.8","5","4","112.8","107.9"
"","Saben Lee","Pho","G","24.5","4","2.8","30.3","0","2","1","6","0.667","1","0","0.571","0.635","2.5","0.8","0.8","0","0.3","0","3.3","3.3","4","16.7","0","0"
"","AJ Griffin","Atl","F","20.3","12","9.2","14.4","10.4","2","1","9","0.222","25","0.32","0.412","0.43","2.5","1","0.3","0.1","0","0.3","3.5","2.8","3.8","4","91.2","120.2"
"","Lester Quinones","Gol","G","23.1","2","0","0","0","0","0","2","0.5","4","0.25","0.417","0.417","2.5","0","0","0","0","0","2.5","2.5","2.5","0","0","0"
"","Jordan Miller","Lac","G","23.9","2","0","0","0","0","0","2","0.5","1","1","0.833","0.833","2.5","0","0","0","0","0","2.5","2.5","2.5","0","0","0"
"","Sandro Mamukelashvili","San","F-C","24.6","8","7.3","14","11.5","6","0.833","8","0.5","7","0.286","0.467","0.539","2.4","1.8","1","0.3","0.1","0.3","4.1","3.4","5.1","8.9","124.2","105.7"
"","Olivier Sarr","Okc","C","24.8","5","10.8","8.5","24.1","6","0.667","3","0.333","3","0.667","0.667","0.694","2.4","4","0.2","0","1","0.4","6.4","2.6","6.6","4.6","130.4","91.3"
"","Kris Murray","Por","F","23.3","12","10.7","11","3.2","5","0.6","11","0.364","19","0.316","0.433","0.45","2.4","1.5","0.3","0.7","0.1","0.1","3.9","2.8","4.3","3.8","105.3","109.6"
"","Jalen Pickett","Den","G","24.1","11","6.8","15.5","22.7","2","1","6","0.667","14","0.357","0.575","0.599","2.3","0.9","0.6","0.3","0","0.5","3.2","2.9","3.8","6.3","101.3","107.8"
"","Nate Hinton","Hou","G-F","24.5","4","4.1","16","0","0","0","3","0","3","1","0.75","0.75","2.3","0.8","0","0","0","0","3","2.3","3","0","144.9","101"
"","Garrett Temple","Tor","G-F","37.6","5","3.3","15.1","0","2","1","4","0.75","1","1","0.9","0.935","2.2","0.4","0.4","0.2","0","0","2.6","2.6","3","8.6","0","0"
"","Furkan Korkmaz","Phi","G-F","26.4","15","7.5","15.3","18.7","9","0.778","15","0.467","15","0.267","0.433","0.486","2.2","0.5","0.5","0.7","0","0.5","2.7","2.7","3.3","4.4","94.2","108.7"
"","Jalen McDaniels","Tor","F-C","25.9","15","9.2","16.1","11.4","2","1","24","0.375","22","0.182","0.326","0.341","2.1","1.2","0.6","0.3","0.2","0.4","3.3","2.7","3.9","5","77.6","108.4"
"","P.J. Tucker","Phi","F","38.6","3","22.1","4.4","28.6","0","0","0","0","5","0.4","0.6","0.6","2","4.7","0","1","0.7","0.7","6.7","2","6.7","0","88.3","100.3"
"","Cory Joseph","Gol","G","32.3","11","11","12.4","15","7","0.571","9","0.333","19","0.211","0.321","0.354","2","0.9","2.2","0.3","0.1","0.5","2.9","4.2","5.1","5.8","99.3","111.4"
"","Evan Fournier","Nyk","G-F","31.1","1","0","0","0","0","0","2","0.5","4","0","0.167","0.167","2","1","1","1","0","0","3","3","4","0","0","0"
"","Daniel Theis","Ind","F-C","31.7","1","0","0","0","0","0","3","0.333","1","0","0.25","0.25","2","0","0","0","0","0","2","2","2","0","0","0"
"","Svi Mykhailiuk","Bos","G-F","26.5","8","7.4","15.3","19","0","0","3","0.667","14","0.286","0.471","0.471","2","0.6","0.1","0.4","0","0.5","2.6","2.1","2.8","2.7","80.8","107.4"
"","Ty Jerome","Cle","G-F","26.4","2","0","0","0","0","0","3","0.667","1","0","0.5","0.5","2","0.5","1.5","0","0","0","2.5","3.5","4","0","0","0"
"","Trent Forrest","Atl","G","25.5","5","8.7","11.9","17.5","4","1","9","0.333","0","0","0.333","0.465","2","0.4","1.6","0","0","0.4","2.4","3.6","4","5","115.8","119.4"
"","Gui Santos","Gol","F","21.5","2","0","0","0","0","0","3","0.667","1","0","0.5","0.5","2","2","0.5","0","0","0","4","2.5","4.5","0","0","0"
"","Colin Castleton","Lal","C","23.5","3","7.5","11.3","0","2","1","5","0.4","0","0","0.4","0.51","2","2","0.7","0","0","0","4","2.7","4.7","7.5","137.7","92.3"
"","Patrick Baldwin","Was","F","21.1","5","6.3","14.5","0","2","1","6","0.167","4","0.5","0.4","0.46","2","1.8","0.4","0","0.2","0","3.8","2.4","4.2","7.2","112.4","114.9"
"","Collin Gillespie","Den","G","24.5","10","8.1","12.4","17.1","1","1","7","0.714","12","0.25","0.5","0.514","2","0.3","0.8","0.5","0","0.4","2.3","2.8","3.1","3.9","98.8","107.2"
"","Amari Bailey","Cha","G","19.8","1","0","0","0","0","0","3","0.333","0","0","0.333","0.333","2","2","0","0","0","0","4","2","4","0","0","0"
"","Andre Jackson Jr.","Mil","G","22.1","17","7.7","9.8","26.7","0","0","11","0.727","11","0.545","0.773","0.773","2","1.2","0.6","0.3","0","0.5","3.2","2.6","3.8","5.9","129.6","102"
"","Markquis Nowell","Tor","G","24","1","0","0","0","2","1","1","0","0","0","0","0.532","2","2","2","1","0","0","4","4","6","0","0","0"
"","Dexter Dennis","Dal","G","24.8","2","0","0","0","1","0","3","0.667","3","0","0.333","0.311","2","1","0","0","0","0","3","2","3","0","0","0"
"","Miles McBride","Nyk","G","23.3","14","4.8","13.3","0","2","0.5","5","0.8","15","0.4","0.65","0.647","1.9","0.2","0.4","0.3","0","0","2.1","2.4","2.6","4.4","146.2","104.4"
"","Jock Landale","Hou","C","28.1","13","8.7","13.9","23.2","4","1","16","0.438","10","0.2","0.385","0.432","1.8","1.8","0.6","0.3","0.2","0.6","3.6","2.5","4.2","5.7","90.9","103.4"
"","Kobe Brown","Lac","F","23.9","13","9.3","11","3.3","2","0.5","10","0.4","19","0.263","0.397","0.402","1.8","1.6","0.5","0.1","0.2","0.1","3.5","2.4","4","4.9","100","97"
"","Cody Zeller","Nor","F-C","31.2","19","9.7","11.5","15.3","24","0.542","32","0.313","1","0","0.303","0.379","1.7","3","1","0.2","0.1","0.3","4.7","2.7","5.7","7.1","105.9","103.2"
"","Reggie Bullock Jr.","Hou","G-F","32.7","9","9.2","9.3","11.5","1","1","2","0.5","13","0.308","0.467","0.486","1.7","1.4","0.3","0.1","0.1","0.2","3.1","2","3.4","3.9","100","104"
"","Jamaree Bouyea","Por","G","24.5","6","9.5","21.5","27.6","0","0","13","0.385","8","0","0.238","0.238","1.7","1.7","1.3","0","0","1.3","3.3","3","4.7","6.5","54.9","114.7"
"","Josh Minott","Min","F","21","10","2.5","26.4","0","5","0.6","8","0.875","5","0","0.538","0.559","1.7","0.3","0.1","0","0.1","0","2","1.8","2.1","5.9","0","0"
"","Emoni Bates","Cle","F","19.9","7","7.5","14","6.2","2","0.5","3","0.333","12","0.25","0.367","0.378","1.7","1.3","0.3","0.1","0.1","0.1","3","2","3.3","4.7","85.3","111.8"
"","Chris Livingston","Mil","F","20.2","3","4","14.3","25","0","0","2","0.5","1","1","0.833","0.833","1.7","0.7","0.3","0.3","0","0.3","2.3","2","2.7","7.1","131","118.6"
"","Oshae Brissett","Bos","F-G","25.5","9","10","11.7","10.4","12","0.583","8","0.25","9","0.111","0.206","0.314","1.6","2.3","0.3","0.4","0","0.2","3.9","1.9","4.2","4.1","89.9","101.8"
"","Garrison Mathews","Atl","G","27.1","10","7.4","10.5","10.5","0","0","0","0","17","0.294","0.441","0.441","1.5","0.9","0.2","0.3","0","0.2","2.4","1.7","2.6","3.5","94.6","112.7"
"","Filip Petrusev","Sac","C","23.7","2","0","0","0","2","0.5","2","0.5","0","0","0.5","0.521","1.5","0","0","0","0","0","1.5","1.5","1.5","0","0","0"
"","Lamar Stevens","Bos","F","26.4","6","3.4","21.4","30","0","0","6","0.5","1","1","0.643","0.643","1.5","1","0.3","0.2","0.2","0.5","2.5","1.8","2.8","9","0","0"
"","TyTy Washington Jr.","Mil","G","22.1","2","0","0","0","0","0","1","0","2","0.5","0.5","0.5","1.5","0.5","0","0.5","0","0","2","1.5","2","0","0","0"
"","D'Moi Hodge","Lal","G","25","6","5.5","18","7.6","2","0.5","2","0.5","10","0.2","0.333","0.349","1.5","0","0.3","0.2","0.2","0.2","1.5","1.8","1.8","0","75","104.9"
"","Bruno Fernando","Atl","F-C","25.3","5","3.2","34.1","29.8","1","1","8","0.375","1","0","0.333","0.371","1.4","0.8","0","0","0","0.8","2.2","1.4","2.2","0","0","0"
"","Jordan Ford","Sac","G","25.5","5","2.7","18.2","0","2","1","3","0.333","2","0.5","0.5","0.595","1.4","0.2","0.2","0","0","0","1.6","1.6","1.8","5.7","0","0"
"","Blake Wesley","San","G","20.7","5","4.8","17.1","10.8","2","0.5","7","0.429","1","0","0.375","0.394","1.4","0.4","1","0","0.2","0.2","1.8","2.4","2.8","6.9","98.8","113.7"
"","Thaddeus Young","Tor","F","35.5","3","3.3","25","20","2","0","4","0.5","0","0","0.5","0.41","1.3","1","1","0","0","0.3","2.3","2.3","3.3","13.2","0","0"
"","Jordan McLaughlin","Min","G","27.7","6","4.5","9.4","0","2","1","2","0","3","0.667","0.6","0.68","1.3","0","1","0.2","0.3","0","1.3","2.3","2.3","0","168.1","106.7"
"","Chuma Okeke","Orl","F","25.3","10","5","14.4","17.6","0","0","4","0.5","10","0.3","0.464","0.464","1.3","1.1","0.3","0.1","0","0.3","2.4","1.6","2.7","6","93.1","112.9"
"","Daishen Nix","Min","G","21.8","6","3.5","18.2","0","2","0","3","0.333","5","0.4","0.5","0.45","1.3","0.2","0","0.2","0","0","1.5","1.3","1.5","0","0","0"
"","E.J. Liddell","Nor","F","23","3","2.9","29.1","18.4","2","1","1","1","3","0","0.25","0.41","1.3","0.7","0","0","0.3","0.3","2","1.3","2","0","0","0"
"","Dalen Terry","Chi","F","21.4","8","4.7","15","8.3","2","0","5","0.4","6","0.333","0.455","0.421","1.3","1.3","0.6","0","0.3","0.1","2.5","1.9","3.1","8.6","102.9","107.6"
"","Jett Howard","Orl","G","20.2","6","4.7","22.1","14.1","2","0.5","3","0.667","9","0.111","0.292","0.311","1.3","0.5","0.5","0","0","0.3","1.8","1.8","2.3","5.9","72.2","112.7"
"","Leaky Black","Cha","F","24.5","4","4.3","12.3","0","0","0","3","0.333","2","0.5","0.5","0.5","1.3","0.5","0.3","0.3","0.5","0","1.8","1.5","2","5.4","112.7","117.5"
"","P.J. Tucker","Lac","F","38.6","12","14.4","4.3","12.2","3","1","3","0.333","11","0.273","0.393","0.457","1.2","2.4","0.7","0.5","0.1","0.2","3.6","1.8","4.3","3.5","131.6","101"
"","Amir Coffey","Lac","G-F","26.5","10","5.8","11.7","13.9","4","1","9","0.444","3","0","0.333","0.436","1.2","0.7","0.3","0.1","0","0.2","1.9","1.5","2.2","4.4","96.8","108.9"
"","Admiral Schofield","Orl","F","26.7","6","3.7","24.6","25","2","0","3","0.667","6","0.167","0.389","0.354","1.2","0.5","0.2","0","0","0.5","1.7","1.3","1.8","5.3","0","0"
"","KJ Martin","Phi","F","22.9","10","6","12.5","18.5","4","0.5","12","0.417","1","0","0.385","0.407","1.2","1","0.4","0.3","0","0.3","2.2","1.6","2.6","5.2","87.2","94.9"
"","Jermaine Samuels Jr.","Hou","F","25.1","5","5.7","7.5","0","2","1","2","1","2","0","0.5","0.615","1.2","1.4","0.4","0","0.2","0","2.6","1.6","3","6.1","148.4","100.1"
"","Justin Minaya","Por","F","24.7","6","6.4","8.7","13.9","2","0.5","2","0","4","0.5","0.5","0.509","1.2","0.8","0","0","0.2","0.2","2","1.2","2","0","109.7","118.5"
"","Kessler Edwards","Sac","F","23.3","16","5.9","10.3","4.5","2","0.5","7","0.286","14","0.286","0.381","0.388","1.1","0.9","0.3","0.1","0.1","0.1","2","1.4","2.3","4.5","96.2","109.5"
"","Dominick Barlow","San","F","20.5","7","5","10.5","0","4","0.5","7","0.429","0","0","0.429","0.457","1.1","0.7","0","0.1","0","0","1.9","1.1","1.9","0","95.2","116.6"
"","Thanasis Antetokounmpo","Mil","F","31.4","8","5.9","11.8","30.8","0","0","9","0.444","0","0","0.444","0.444","1","0.6","0.5","0.3","0.1","0.5","1.6","1.5","2.1","4.5","87.4","106.4"
"","Udoka Azubuike","Pho","C-F","24.2","2","0","0","0","0","0","1","1","0","0","1","1","1","2","0","0","0","0","3","1","3","0","0","0"
"","DaQuan Jeffries","Nyk","G-F","26.3","7","2.7","22.2","11.1","2","0","4","0.5","4","0.25","0.438","0.394","1","0.4","0.1","0","0","0.1","1.4","1.1","1.6","5.1","0","0"
"","Dylan Windler","Nyk","G-F","27.2","3","2.5","11.5","0","0","0","0","0","2","0.5","0.75","0.75","1","0.3","0.3","0","0","0","1.3","1.3","1.7","7.2","0","0"
"","Isaiah Mobley","Cle","F","24.2","2","0","0","0","0","0","2","0.5","1","0","0.333","0.333","1","1","1.5","0.5","0","0","2","2.5","3.5","0","0","0"
"","Jay Huff","Den","C","26.3","2","0","0","0","0","0","1","1","0","0","1","1","1","0","0","0","0","0","1","1","1","0","0","0"
"","Dariq Whitehead","Bro","F","19.4","1","0","0","0","2","0.5","0","0","0","0","0","0.568","1","0","0","0","1","0","1","1","1","0","0","0"
"","Alex Fudge","Lal","F","20.6","4","3.6","23.4","13.4","2","1","4","0.25","2","0","0.167","0.291","1","0.5","0","0","0","0.3","1.5","1","1.5","0","0","0"
"","Jarred Vanderbilt","Lal","F","24.7","3","19.6","5.8","13.9","2","0.5","2","0.5","4","0","0.167","0.218","1","5","1.3","0.3","0.3","0.3","6","2.3","7.3","3.8","95.8","108.1"
"","Jules Bernard","Was","G","23.9","2","0","0","0","0","0","2","0.5","3","0","0.2","0.2","1","0.5","0.5","0","0","0","1.5","1.5","2","0","0","0"
"","Aleksej Pokusevski","Okc","F","22","7","6.1","14.9","21.1","2","0.5","3","0.333","8","0.125","0.227","0.253","0.9","1.1","0.7","0","0.1","0.4","2","1.6","2.7","5.8","69.4","105.3"
"","Damian Jones","Cle","C","28.5","11","4.9","10.4","32.7","2","0.5","8","0.5","0","0","0.5","0.507","0.8","1","0.3","0.1","0.2","0.4","1.8","1.1","2.1","5.1","91.3","108.4"
"","Julian Phillips","Chi","F","20.1","13","4.8","13.1","5.8","4","0.25","9","0.556","7","0","0.313","0.31","0.8","0.7","0.4","0.1","0","0.1","1.5","1.2","1.9","5.1","81.5","107.6"
"","Jalen Slawson","Sac","F","24.1","5","3.7","11.3","40","0","0","2","1","1","0","0.667","0.667","0.8","0.8","0.4","0","0.2","0.4","1.6","1.2","2","6.9","0","0"
"","Shaquille Harrison","Mem","G","30.2","3","2","14.2","0","0","0","2","0.5","0","0","0.5","0.5","0.7","0.7","0","0","0.3","0","1.3","0.7","1.3","0","0","0"
"","Jericho Sims","Nyk","C","25.1","10","4.6","6.7","16.3","3","0.333","5","0.6","0","0","0.6","0.554","0.7","1.7","0.2","0","0","0.1","2.4","0.9","2.6","5.4","121.6","104.8"
"","Jalen Wilson","Bro","F","23.1","3","3.5","8","0","0","0","2","0.5","0","0","0.5","0.5","0.7","0.7","0","0","0.3","0","1.3","0.7","1.3","0","0","0"
"","Leonard Miller","Min","F","20","3","2.1","14","0","0","0","2","0.5","0","0","0.5","0.5","0.7","2","0.3","0","0","0","2.7","1","3","14.3","0","0"
"","Rayan Rupert","Por","G-F","19.5","7","4.4","21.5","14.1","4","0.5","6","0","6","0.167","0.125","0.182","0.7","0.1","0.3","0.3","0","0.3","0.9","1","1.1","2.5","48.3","118.1"
"","Robin Lopez","Mil","C","35.7","4","3","10.4","41","2","1","0","0","1","0","0","0.532","0.5","0","0.3","0","0","0.3","0.5","0.8","0.8","0","0","0"
"","Bol Bol","Pho","C-F","24.1","4","1.9","17.1","66.7","0","0","1","1","0","0","1","1","0.5","0.3","0","0","0.3","0.5","0.8","0.5","0.8","0","0","0"
"","Braxton Key","Den","F","26.8","6","2.5","17","0","2","0.5","3","0.333","2","0","0.2","0.255","0.5","0.5","0.8","0","0","0","1","1.3","1.8","9.4","0","0"
"","Kobe Bufkin","Atl","G","20.2","2","0","0","0","2","0.5","2","0","1","0","0","0.129","0.5","1","0","0","0","0","1.5","0.5","1.5","0","0","0"
"","Terry Taylor","Chi","F","24.2","5","2.4","3.7","0","0","0","1","1","0","0","1","1","0.4","0.2","0","0.2","0","0","0.6","0.4","0.6","0","0","0"
"","Maxwell Lewis","Lal","F","21.4","11","4.8","11.5","35.7","0","0","6","0","3","0.333","0.167","0.167","0.3","0.3","0.3","0.2","0","0.5","0.5","0.5","0.8","2.5","39.2","112"
"","Hunter Tyson","Den","F","23.5","7","2.6","9.4","0","0","0","1","1","3","0","0.25","0.25","0.3","0.6","0.1","0","0","0","0.9","0.4","1","4","0","0"
"","Danny Green","Phi","G","36.5","2","0","0","0","0","0","1","0","1","0","0","0","0","1","0.5","0.5","0","0","1","0.5","1.5","0","0","0"
"","Ryan Arcidiacono","Nyk","G","29.7","6","2.2","3.2","0","0","0","0","0","1","0","0","0","0","0.5","0.2","0.2","0","0","0.5","0.2","0.7","0","0","0"
"","Jerome Robinson","Gol","G","26.8","1","0","0","0","0","0","2","0","0","0","0","0","0","2","0","0","0","0","2","0","2","0","0","0"
"","Kaiser Gates","Nor","F","27.1","1","0","0","0","0","0","2","0","2","0","0","0","0","1","0","0","0","0","1","0","1","0","0","0"
"","Lindell Wigginton","Mil","G","25.7","1","0","0","0","0","0","0","0","1","0","0","0","0","0","0","0","0","0","0","0","0","0","0","0"
"","Marques Bolden","Mil","C","25.7","1","0","0","0","0","0","0","0","0","0","0","0","0","2","0","0","0","0","2","0","2","0","0","0"
"","R.J. Hampton","Mia","G","22.8","1","0","0","0","0","0","1","0","0","0","0","0","0","0","0","0","0","0","0","0","0","0","0","0"
"","Filip Petrusev","Phi","C","23.7","1","0","0","0","0","0","0","0","0","0","0","0","0","1","0","0","0","0","1","0","1","0","0","0"
"","Malcolm Cazalon","Det","G","22.3","1","0","0","0","0","0","0","0","0","0","0","0","0","0","0","0","0","0","0","0","0","0","0","0"
"","Ish Wainright","Por","F","29.2","2","0","0","0","0","0","0","0","1","0","0","0","0","0","0","0.5","0","0","0","0","0","0","0","0"
"","Wendell Moore Jr.","Min","G","22.2","3","2.3","12.4","0","0","0","0","0","2","0","0","0","0","0.3","0.3","0","0","0","0.3","0.3","0.7","0","0","0"
"","Ron Harper Jr.","Tor","F","23.7","1","0","0","0","0","0","0","0","0","0","0","0","0","0","1","0","0","0","0","1","1","0","0","0"
"","Mouhamed Gueye","Atl","F","21.1","2","0","0","0","0","0","0","0","1","0","0","0","0","0","0","0.5","0","0","0","0","0","0","0","0"
"","Sidy Cissoko","San","G","19.7","1","0","0","0","0","0","0","0","0","0","0","0","0","0","0","0","0","0","0","0","0","0","0","0"
"","GG Jackson","Mem","F","19","3","2.2","32.8","20","0","0","2","0","2","0","0","0","0","1","0","0.3","0","0.3","1","0","1","0","0","0"
"","Brice Sensabaugh","Uta","F","20.1","1","0","0","0","0","0","2","0","0","0","0","0","0","2","0","0","0","0","2","0","2","0","0","0"
"","Noah Clowney","Bro","F","19.4","1","0","0","0","0","0","0","0","0","0","0","0","0","1","0","0","0","0","1","0","1","0","0","0"
"","Keyontae Johnson","Okc","F","23.6","1","0","0","0","0","0","1","0","0","0","0","0","0","0","0","0","0","0","0","0","0","0","0","0"
"","Onuralp Bitim","Chi","F","24.7","1","0","0","0","0","0","0","0","0","0","0","0","0","0","0","0","0","0","0","0","0","0","0","0"
"","Jacob Toppin","Nyk","F","23.6","1","0","0","0","0","0","0","0","0","0","0","0","0","0","0","0","1","0","0","0","0","0","0","0"
"","Charlie Brown Jr.","Nyk","G","25.9","1","0","0","0","0","0","0","0","1","0","0","0","0","0","0","0","0","0","0","0","0","0","0","0"
"","Kendall Brown","Ind","G","20.6","0","#DIV/0!","0","0","0","0","0","0","0","0","0","0","0","0","0","0","0","0","0","0","0","0","0","0"
"","Isaiah Wong","Ind","G","22.9","0","#DIV/0!","0","0","0","0","0","0","0","0","0","0","0","0","0","0","0","0","0","0","0","0","0","0"
"","Oscar Tshiebwe","Ind","F-C","24","0","#DIV/0!","0","0","0","0","0","0","0","0","0","0","0","0","0","0","0","0","0","0","0","0","0","0"